{
  "EnvironmentSetting" : {
    "Environment" : {
      "DevRootPath" : "D:/inbuildProjects/feeapps"
    },
    "MetadataIndexServer" : {
      "Ip" : "support-md-index.inspures.com",
      "Port" : "80"
    },
    "Deployment" : [ {
      "Name" : "current server",
      "Port" : 0,
      "DebugPort" : 0,
      "ServerPath" : "",
      "Id" : "ac13562b-06f9-499a-a3cc-5975851c0990",
      "Tags" : null,
      "ProcessID" : 0,
      "ProcessName" : "",
      "Status" : "IsRunning",
      "TechStack" : null,
      "MockItem" : null,
      "DbServer" : "",
      "DbPort" : null,
      "DbDatabase" : "",
      "DbUserName" : "",
      "DbPassword" : "",
      "DbType" : 0,
      "Type" : "local",
      "default" : true
    } ],
    "TechnologyStack" : null,
    "ExtractDependencyMode" : "NOT_EXTRACT_DEPEND",
    "Vcs" : {
      "Name" : null,
      "Password" : null
    }
  }
}