{"moduleName":null,"summaries":[{"symbol":{"__symbol":0,"members":[]},"metadata":{"__symbolic":"error","message":"Lambda not supported","fileName":"projects\\bo-robxd-front\\src\\app\\robxdzd2\\viewmodels\\statemachine\\rootviewmodelstatemachine.ts"}},{"symbol":{"__symbol":1,"members":[]},"metadata":{"__symbolic":"error","message":"Lambda not supported","fileName":"projects\\bo-robxd-front\\src\\app\\robxdzd2\\viewmodels\\statemachine\\rootviewmodelstatemachine.ts"}},{"symbol":{"__symbol":2,"members":[]},"metadata":{"__symbolic":"error","message":"Lambda not supported","fileName":"projects\\bo-robxd-front\\src\\app\\robxdzd2\\viewmodels\\statemachine\\rootviewmodelstatemachine.ts"}},{"symbol":{"__symbol":3,"members":[]},"metadata":{"__symbolic":"error","message":"Lambda not supported","fileName":"projects\\bo-robxd-front\\src\\app\\robxdzd2\\viewmodels\\statemachine\\rootviewmodelstatemachine.ts"}},{"symbol":{"__symbol":4,"members":[]},"metadata":{"__symbolic":"error","message":"Lambda not supported","fileName":"projects\\bo-robxd-front\\src\\app\\robxdzd2\\viewmodels\\statemachine\\rootviewmodelstatemachine.ts"}},{"symbol":{"__symbol":5,"members":[]},"metadata":{"__symbolic":"error","message":"Lambda not supported","fileName":"projects\\bo-robxd-front\\src\\app\\robxdzd2\\viewmodels\\statemachine\\rootviewmodelstatemachine.ts"}},{"symbol":{"__symbol":6,"members":[]},"metadata":{"__symbolic":"error","message":"Lambda not supported","fileName":"projects\\bo-robxd-front\\src\\app\\robxdzd2\\viewmodels\\statemachine\\rootviewmodelstatemachine.ts"}},{"symbol":{"__symbol":7,"members":[]},"metadata":{"__symbolic":"error","message":"Lambda not supported","fileName":"projects\\bo-robxd-front\\src\\app\\robxdzd2\\viewmodels\\statemachine\\rootviewmodelstatemachine.ts"}},{"symbol":{"__symbol":8,"members":[]},"metadata":{"__symbolic":"error","message":"Lambda not supported","fileName":"projects\\bo-robxd-front\\src\\app\\robxdzd2\\viewmodels\\statemachine\\rootviewmodelstatemachine.ts"}},{"symbol":{"__symbol":9,"members":[]},"metadata":{"__symbolic":"error","message":"Lambda not supported","fileName":"projects\\bo-robxd-front\\src\\app\\robxdzd2\\viewmodels\\statemachine\\rootviewmodelstatemachine.ts"}},{"symbol":{"__symbol":10,"members":[]},"metadata":{"__symbolic":"class","extends":{"__symbol":11,"members":[]},"members":{"add":[{"__symbolic":"property","decorators":[{"__symbolic":"call","expression":{"__symbol":12,"members":[]},"arguments":[{"name":"新增"}]}]}],"init":[{"__symbolic":"property","decorators":[{"__symbolic":"call","expression":{"__symbol":12,"members":[]},"arguments":[{"initialState":true,"name":"初始"}]}]}],"edit":[{"__symbolic":"property","decorators":[{"__symbolic":"call","expression":{"__symbol":12,"members":[]},"arguments":[{"name":"编辑"}]}]}],"canRemove":[{"__symbolic":"property","decorators":[{"__symbolic":"call","expression":{"__symbol":13,"members":[]},"arguments":[{"render":{"__symbol":0,"members":[]}}]}]}],"canCancelApprove":[{"__symbolic":"property","decorators":[{"__symbolic":"call","expression":{"__symbol":13,"members":[]},"arguments":[{"render":{"__symbol":1,"members":[]}}]}]}],"canApprove":[{"__symbolic":"property","decorators":[{"__symbolic":"call","expression":{"__symbol":13,"members":[]},"arguments":[{"render":{"__symbol":2,"members":[]}}]}]}],"editable":[{"__symbolic":"property","decorators":[{"__symbolic":"call","expression":{"__symbol":13,"members":[]},"arguments":[{"render":{"__symbol":3,"members":[]}}]}]}],"canEdit":[{"__symbolic":"property","decorators":[{"__symbolic":"call","expression":{"__symbol":13,"members":[]},"arguments":[{"render":{"__symbol":4,"members":[]}}]}]}],"canRemoveDetail":[{"__symbolic":"property","decorators":[{"__symbolic":"call","expression":{"__symbol":13,"members":[]},"arguments":[{"render":{"__symbol":5,"members":[]}}]}]}],"canAdd":[{"__symbolic":"property","decorators":[{"__symbolic":"call","expression":{"__symbol":13,"members":[]},"arguments":[{"render":{"__symbol":6,"members":[]}}]}]}],"canSave":[{"__symbolic":"property","decorators":[{"__symbolic":"call","expression":{"__symbol":13,"members":[]},"arguments":[{"render":{"__symbol":7,"members":[]}}]}]}],"canCancel":[{"__symbolic":"property","decorators":[{"__symbolic":"call","expression":{"__symbol":13,"members":[]},"arguments":[{"render":{"__symbol":8,"members":[]}}]}]}],"canAddDetail":[{"__symbolic":"property","decorators":[{"__symbolic":"call","expression":{"__symbol":13,"members":[]},"arguments":[{"render":{"__symbol":9,"members":[]}}]}]}],"Cancel":[{"__symbolic":"property","decorators":[{"__symbolic":"call","expression":{"__symbol":14,"members":[]},"arguments":[{"transitTo":"init"}]}]}],"Create":[{"__symbolic":"property","decorators":[{"__symbolic":"call","expression":{"__symbol":14,"members":[]},"arguments":[{"transitTo":"add"}]}]}],"Edit":[{"__symbolic":"property","decorators":[{"__symbolic":"call","expression":{"__symbol":14,"members":[]},"arguments":[{"transitTo":"edit"}]}]}],"Save":[{"__symbolic":"property","decorators":[{"__symbolic":"call","expression":{"__symbol":14,"members":[]},"arguments":[{"transitTo":"init"}]}]}]}},"type":{"summaryKind":3,"type":{"reference":{"__symbol":10,"members":[]},"diDeps":[],"lifecycleHooks":[1]}}}],"symbols":[{"__symbol":0,"name":"ɵ0","filePath":"./rootviewmodelstatemachine"},{"__symbol":1,"name":"ɵ1","filePath":"./rootviewmodelstatemachine"},{"__symbol":2,"name":"ɵ2","filePath":"./rootviewmodelstatemachine"},{"__symbol":3,"name":"ɵ3","filePath":"./rootviewmodelstatemachine"},{"__symbol":4,"name":"ɵ4","filePath":"./rootviewmodelstatemachine"},{"__symbol":5,"name":"ɵ5","filePath":"./rootviewmodelstatemachine"},{"__symbol":6,"name":"ɵ6","filePath":"./rootviewmodelstatemachine"},{"__symbol":7,"name":"ɵ7","filePath":"./rootviewmodelstatemachine"},{"__symbol":8,"name":"ɵ8","filePath":"./rootviewmodelstatemachine"},{"__symbol":9,"name":"ɵ9","filePath":"./rootviewmodelstatemachine"},{"__symbol":10,"name":"RootViewmodelStateMachine","filePath":"./rootviewmodelstatemachine"},{"__symbol":11,"name":"StateMachine","filePath":"@farris/devkit"},{"__symbol":12,"name":"NgState","filePath":"@farris/devkit"},{"__symbol":13,"name":"NgRenderState","filePath":"@farris/devkit"},{"__symbol":14,"name":"NgAction","filePath":"@farris/devkit"}]}