{"moduleName":null,"summaries":[{"symbol":{"__symbol":0,"members":[]},"metadata":{"type":"string"}},{"symbol":{"__symbol":1,"members":[]},"metadata":{"__symbolic":"class","extends":{"__symbol":2,"members":[]},"members":{"Load1":[{"__symbolic":"method","decorators":[{"__symbolic":"call","expression":{"__symbol":3,"members":[]},"arguments":[{"name":"Load1","params":{"filter":"","sort":""},"paramDescriptions":{"filter":{"type":"string"},"sort":{"type":"string"}}}]}]}],"Search1":[{"__symbolic":"method","decorators":[{"__symbolic":"call","expression":{"__symbol":3,"members":[]},"arguments":[{"name":"Search1","params":{"filter":"","sort":"","pageSize":"","pageIndex":""},"paramDescriptions":{"filter":{"type":"string"},"sort":{"type":"string"},"pageSize":{"type":"int"},"pageIndex":{"type":"int"}}}]}]}],"RemoveRows1":[{"__symbolic":"method","decorators":[{"__symbolic":"call","expression":{"__symbol":3,"members":[]},"arguments":[{"name":"RemoveRows1","params":{"ids":"{UISTATE~/data-grid-component/ids}"},"paramDescriptions":{"ids":{"type":"decimal"}}}]}]}],"Add1":[{"__symbolic":"method","decorators":[{"__symbolic":"call","expression":{"__symbol":3,"members":[]},"arguments":[{"name":"Add1","params":{"url":"","params":"{\"action\":\"LoadAndAdd1\"}"},"paramDescriptions":{"url":{"type":"string"},"params":{"type":"string"}}}]}]}],"View1":[{"__symbolic":"method","decorators":[{"__symbolic":"call","expression":{"__symbol":3,"members":[]},"arguments":[{"name":"View1","params":{"url":"","params":"{\"action\":\"LoadAndView1\", \"id\":\"{DATA~/data-grid-component/id}\"}"},"paramDescriptions":{"url":{"type":"string"},"params":{"type":"string"}}}]}]}],"Edit1":[{"__symbolic":"method","decorators":[{"__symbolic":"call","expression":{"__symbol":3,"members":[]},"arguments":[{"name":"Edit1","params":{"url":"","params":"{\"action\":\"LoadAndEdit1\", \"id\":\"{DATA~/data-grid-component/id}\"}"},"paramDescriptions":{"url":{"type":"string"},"params":{"type":"string"}}}]}]}],"Remove1":[{"__symbolic":"method","decorators":[{"__symbolic":"call","expression":{"__symbol":3,"members":[]},"arguments":[{"name":"Remove1","params":{"id":"{DATA~/data-grid-component/id}"},"paramDescriptions":{"id":{"__symbol":0,"members":[]}}}]}]}],"submitWithBizDefKey1":[{"__symbolic":"method","decorators":[{"__symbolic":"call","expression":{"__symbol":3,"members":[]},"arguments":[{"name":"submitWithBizDefKey1","params":{"dataId":"{DATA~/data-grid-component/id}","bizDefKey":"","action":""},"paramDescriptions":{"dataId":{"type":"string"},"bizDefKey":{"type":"string"},"action":{"type":"string"}}}]}]}],"cancelSubmitWithDataId1":[{"__symbolic":"method","decorators":[{"__symbolic":"call","expression":{"__symbol":3,"members":[]},"arguments":[{"name":"cancelSubmitWithDataId1","params":{"dataId":"{DATA~/data-grid-component/id}","bizDefKey":"","action":""},"paramDescriptions":{"dataId":{"type":"string"},"bizDefKey":{"type":"string"},"action":{"type":"string"}}}]}]}]}},"type":{"summaryKind":3,"type":{"reference":{"__symbol":1,"members":[]},"diDeps":[],"lifecycleHooks":[1]}}}],"symbols":[{"__symbol":0,"name":"ɵ0","filePath":"./rootviewmodel"},{"__symbol":1,"name":"RootViewmodel","filePath":"./rootviewmodel"},{"__symbol":2,"name":"ViewModel","filePath":"@farris/devkit"},{"__symbol":3,"name":"NgCommand","filePath":"@farris/devkit"}]}