{"module":{"id":"ROBXDZD2","code":"ROBXDZD2","name":"报销单表单","caption":"报销单表单","type":"Module","creator":"admin","creationDate":"2023-05-04T05:28:19.742Z","updateVersion":"191104","showTitle":true,"bootstrap":"card-template","templateId":"card-template","schemas":[{"name":"报销单表单_frm","id":"cb7981dd-98cf-42f6-8efd-240f0884a109","sourceUri":"api/fssp/fssc/v1.0/ROBXDZD2_frm","variables":[],"entities":[{"name":"报销单","id":"dc68273a-758d-4e4f-937d-973b11f4a513","type":{"$type":"EntityType","fields":[{"$type":"SimpleField","refElementId":null,"defaultValue":"","editor":{"$type":"TextBox"},"readonly":false,"require":true,"multiLanguage":false,"name":"主键","id":"06de4593-40db-4236-b216-a7aa248eacd9","type":{"$type":"StringType","length":36,"name":"String","displayName":"字符串"},"path":"ID","bindingField":"id","bindingPath":"id","code":"ID","label":"id","originalId":"06de4593-40db-4236-b216-a7aa248eacd9"},{"$type":"SimpleField","refElementId":null,"defaultValue":"","editor":{"$type":"DateBox","format":"'yyyy-MM-dd'"},"readonly":false,"require":false,"multiLanguage":false,"name":"版本","id":"277f2b1b-fe6f-412a-8c13-7318fcb4a901","type":{"$type":"DateTimeType","name":"DateTime","displayName":"日期时间"},"path":"Version","bindingField":"version","bindingPath":"version","code":"Version","label":"version","originalId":"277f2b1b-fe6f-412a-8c13-7318fcb4a901"},{"$type":"ComplexField","name":"状态","id":"2870d68b-8bea-40bd-9890-3c912ed9dc5c","type":{"$type":"ObjectType","name":"BillState2870","fields":[{"$type":"SimpleField","refElementId":null,"defaultValue":"","editor":{"$type":"EnumField"},"readonly":false,"require":false,"multiLanguage":false,"name":"状态","id":"2870d68b-0101-468f-ae3f-40c76c0f06b0","type":{"$type":"EnumType","name":"Enum","displayName":"枚举","enumValues":[{"name":"制单","value":"Billing"},{"name":"提交审批","value":"SubmitApproval"},{"name":"审批通过","value":"Approved"},{"name":"审批不通过","value":"ApprovalNotPassed"}],"valueType":{"$type":"StringType","length":36,"name":"String","displayName":"字符串"}},"path":"BillStatus.BillState","bindingField":"billStatus_BillState","bindingPath":"billStatus.billState","code":"BillState","label":"billState","originalId":"a0b19650-0101-468f-ae3f-40c76c0f06b0"}],"displayName":"状态"},"path":"BillStatus","bindingField":"billStatus","bindingPath":"billStatus","code":"BillStatus","label":"billStatus","originalId":"2870d68b-8bea-40bd-9890-3c912ed9dc5c"},{"$type":"ComplexField","name":"流程实例","id":"b04d8cb7-5e5d-4210-aa08-250162392deb","type":{"$type":"ObjectType","name":"ProcessInstanceB04d","fields":[{"$type":"SimpleField","refElementId":null,"defaultValue":"","editor":{"$type":"TextBox"},"readonly":false,"require":false,"multiLanguage":false,"name":"流程实例","id":"b04d8cb7-ad8f-4da3-a430-c8a7f2162135","type":{"$type":"StringType","length":36,"name":"String","displayName":"字符串"},"path":"ProcessInstance.ProcessInstance","bindingField":"processInstance_ProcessInstance","bindingPath":"processInstance.processInstance","code":"ProcessInstance","label":"processInstance","originalId":"2e1beb7d-ad8f-4da3-a430-c8a7f2162135"}],"displayName":"流程实例"},"path":"ProcessInstance","bindingField":"processInstance","bindingPath":"processInstance","code":"ProcessInstance","label":"processInstance","originalId":"b04d8cb7-5e5d-4210-aa08-250162392deb"},{"$type":"ComplexField","name":"报销人员","id":"39324224-90ee-4d8a-9b91-131b92dcd1f7","type":{"$type":"EntityType","fields":[{"$type":"SimpleField","refElementId":null,"defaultValue":"","editor":{"$type":"TextBox"},"readonly":false,"require":false,"multiLanguage":false,"name":"报销人员","id":"9392bb51-207b-4ff4-a725-2e2024f219e9","type":{"$type":"StringType","length":36,"name":"String","displayName":"字符串"},"path":"EmployeeID.EmployeeID","bindingField":"employeeID","bindingPath":"employeeID.employeeID","code":"EmployeeID","label":"employeeID","originalId":"9392bb51-207b-4ff4-a725-2e2024f219e9"},{"$type":"SimpleField","refElementId":"9d25e0d7-0fb7-435f-a2de-438d371b97e4","defaultValue":"","editor":{"$type":"TextBox"},"readonly":false,"require":false,"multiLanguage":false,"name":"编号","id":"75a35a24-cdee-4847-9bf7-fb4019019f2a","type":{"$type":"StringType","length":36,"name":"String","displayName":"字符串"},"path":"EmployeeID.EmployeeID_Code","bindingField":"employeeID_EmployeeID_Code","bindingPath":"employeeID.employeeID_Code","code":"Code","label":"employeeID_Code","originalId":"75a35a24-cdee-4847-9bf7-fb4019019f2a"},{"$type":"SimpleField","refElementId":"94fd1572-613c-4973-bf79-12e33c16a9ec","defaultValue":"","editor":{"$type":"TextBox"},"readonly":false,"require":false,"multiLanguage":false,"name":"名称","id":"f710e92e-37ee-4aaf-94a2-2471dc3de767","type":{"$type":"StringType","length":36,"name":"String","displayName":"字符串"},"path":"EmployeeID.EmployeeID_Name","bindingField":"employeeID_EmployeeID_Name","bindingPath":"employeeID.employeeID_Name","code":"Name","label":"employeeID_Name","originalId":"f710e92e-37ee-4aaf-94a2-2471dc3de767"}],"entities":[],"primary":"employeeID","name":"GspUser9392","displayName":"用户"},"path":"EmployeeID","bindingField":"employeeID","bindingPath":"employeeID","code":"EmployeeID","label":"employeeID","originalId":"39324224-90ee-4d8a-9b91-131b92dcd1f7"},{"$type":"ComplexField","name":"所属部门","id":"43a0eebe-7845-4a2c-937b-1099db3f8f1b","type":{"$type":"EntityType","fields":[{"$type":"SimpleField","refElementId":null,"defaultValue":"","editor":{"$type":"TextBox"},"readonly":false,"require":false,"multiLanguage":false,"name":"所属部门","id":"22000bf3-c665-4ccb-99a7-f0cce4d07246","type":{"$type":"StringType","length":36,"name":"String","displayName":"字符串"},"path":"DomainID.DomainID","bindingField":"domainID","bindingPath":"domainID.domainID","code":"DomainID","label":"domainID","originalId":"22000bf3-c665-4ccb-99a7-f0cce4d07246"},{"$type":"SimpleField","refElementId":"9834de85-fbd9-4f84-b31d-f97bb05b43e5","defaultValue":"","editor":{"$type":"TextBox"},"readonly":false,"require":false,"multiLanguage":false,"name":"编号","id":"23becc2a-b1c8-4eff-8f22-1c573a4c14b5","type":{"$type":"StringType","length":100,"name":"String","displayName":"字符串"},"path":"DomainID.DomainID_code","bindingField":"domainID_DomainID_code","bindingPath":"domainID.domainID_code","code":"code","label":"domainID_code","originalId":"23becc2a-b1c8-4eff-8f22-1c573a4c14b5"},{"$type":"SimpleField","refElementId":"a824ff6d-b08f-4b5c-b707-997d56760fb4","defaultValue":"","editor":{"$type":"TextBox"},"readonly":false,"require":false,"multiLanguage":false,"name":"名称","id":"c2a814ca-d9f8-47cd-9bee-ab0099f65ba4","type":{"$type":"StringType","length":100,"name":"String","displayName":"字符串"},"path":"DomainID.DomainID_name","bindingField":"domainID_DomainID_name","bindingPath":"domainID.domainID_name","code":"name","label":"domainID_name","originalId":"c2a814ca-d9f8-47cd-9bee-ab0099f65ba4"}],"entities":[],"primary":"domainID","name":"SysOrg2200","displayName":"系统组织"},"path":"DomainID","bindingField":"domainID","bindingPath":"domainID","code":"DomainID","label":"domainID","originalId":"43a0eebe-7845-4a2c-937b-1099db3f8f1b"},{"$type":"SimpleField","refElementId":null,"defaultValue":"","editor":{"$type":"TextBox"},"readonly":false,"require":false,"multiLanguage":false,"name":"单据编号","id":"c2735656-6214-4fcd-b1dd-66628fe18ddf","type":{"$type":"StringType","length":36,"name":"String","displayName":"字符串"},"path":"BillCode","bindingField":"billCode","bindingPath":"billCode","code":"BillCode","label":"billCode","originalId":"c2735656-6214-4fcd-b1dd-66628fe18ddf"},{"$type":"SimpleField","refElementId":null,"defaultValue":"","editor":{"$type":"NumericBox"},"readonly":false,"require":false,"multiLanguage":false,"name":"报账金额","id":"09c990b5-036e-4c9d-8b16-a9c5c51e17dd","type":{"$type":"NumericType","length":18,"name":"Number","displayName":"数字","precision":2},"path":"TotalSum","bindingField":"totalSum","bindingPath":"totalSum","code":"TotalSum","label":"totalSum","originalId":"09c990b5-036e-4c9d-8b16-a9c5c51e17dd"},{"$type":"SimpleField","refElementId":null,"defaultValue":"","editor":{"$type":"EnumField"},"readonly":false,"require":false,"multiLanguage":false,"name":"报销类型","id":"239d6d48-2f3e-482c-ab34-9a99c4a19e99","type":{"$type":"EnumType","name":"Enum","displayName":"枚举","enumValues":[{"name":"差旅费","value":"CL"},{"name":"交通费","value":"JT"},{"name":"手机费","value":"SJ"}],"valueType":{"$type":"StringType","length":36,"name":"String","displayName":"字符串"}},"path":"BillType","bindingField":"billType","bindingPath":"billType","code":"BillType","label":"billType","originalId":"239d6d48-2f3e-482c-ab34-9a99c4a19e99"},{"$type":"SimpleField","refElementId":null,"defaultValue":"","editor":{"$type":"DateBox","format":"'yyyy-MM-dd'"},"readonly":false,"require":false,"multiLanguage":false,"name":"制单日期","id":"4c58ce86-be5a-494c-b37b-16495ea2348c","type":{"$type":"DateTimeType","name":"DateTime","displayName":"日期时间"},"path":"BillDate","bindingField":"billDate","bindingPath":"billDate","code":"BillDate","label":"billDate","originalId":"4c58ce86-be5a-494c-b37b-16495ea2348c"},{"$type":"SimpleField","refElementId":null,"defaultValue":"","editor":{"$type":"TextBox"},"readonly":false,"require":false,"multiLanguage":false,"name":"所属项目","id":"c87a3547-5352-458d-af4c-1980baa0ec15","type":{"$type":"StringType","length":36,"name":"String","displayName":"字符串"},"path":"ProjectID","bindingField":"projectID","bindingPath":"projectID","code":"ProjectID","label":"projectID","originalId":"c87a3547-5352-458d-af4c-1980baa0ec15"},{"$type":"SimpleField","refElementId":null,"defaultValue":"","editor":{"$type":"MultiTextBox"},"readonly":false,"require":false,"multiLanguage":false,"name":"报销说明","id":"909f28e5-78a6-47f9-be58-dc885280693f","type":{"$type":"TextType","length":2000,"name":"Text","displayName":"文本"},"path":"BillNote","bindingField":"billNote","bindingPath":"billNote","code":"BillNote","label":"billNote","originalId":"909f28e5-78a6-47f9-be58-dc885280693f"},{"$type":"ComplexField","name":"项目经理","id":"c3803564-5d86-4cc8-9b35-0220aae8eff4","type":{"$type":"EntityType","fields":[{"$type":"SimpleField","refElementId":null,"defaultValue":"","editor":{"$type":"TextBox"},"readonly":false,"require":false,"multiLanguage":false,"name":"项目经理","id":"b89bba5c-cd69-4519-bb0e-59274ae213a8","type":{"$type":"StringType","length":36,"name":"String","displayName":"字符串"},"path":"ProjectMrg.ProjectMrg","bindingField":"projectMrg","bindingPath":"projectMrg.projectMrg","code":"ProjectMrg","label":"projectMrg","originalId":"b89bba5c-cd69-4519-bb0e-59274ae213a8"},{"$type":"SimpleField","refElementId":"9d25e0d7-0fb7-435f-a2de-438d371b97e4","defaultValue":"","editor":{"$type":"TextBox"},"readonly":false,"require":false,"multiLanguage":false,"name":"编号","id":"797377ce-9177-436f-8e6e-ba2dc9b9a9b1","type":{"$type":"StringType","length":36,"name":"String","displayName":"字符串"},"path":"ProjectMrg.ProjectMrg_Code","bindingField":"projectMrg_ProjectMrg_Code","bindingPath":"projectMrg.projectMrg_Code","code":"Code","label":"projectMrg_Code","originalId":"797377ce-9177-436f-8e6e-ba2dc9b9a9b1"},{"$type":"SimpleField","refElementId":"94fd1572-613c-4973-bf79-12e33c16a9ec","defaultValue":"","editor":{"$type":"TextBox"},"readonly":false,"require":false,"multiLanguage":false,"name":"名称","id":"5679472b-bb0b-48f6-9d25-19a64a1c4975","type":{"$type":"StringType","length":36,"name":"String","displayName":"字符串"},"path":"ProjectMrg.ProjectMrg_Name","bindingField":"projectMrg_ProjectMrg_Name","bindingPath":"projectMrg.projectMrg_Name","code":"Name","label":"projectMrg_Name","originalId":"5679472b-bb0b-48f6-9d25-19a64a1c4975"}],"entities":[],"primary":"projectMrg","name":"GspUserB89B","displayName":"用户"},"path":"ProjectMrg","bindingField":"projectMrg","bindingPath":"projectMrg","code":"ProjectMrg","label":"projectMrg","originalId":"c3803564-5d86-4cc8-9b35-0220aae8eff4"},{"$type":"SimpleField","refElementId":null,"defaultValue":"","editor":{"$type":"EnumField"},"readonly":false,"require":false,"multiLanguage":false,"name":"稽核状态","id":"2db7782a-eb85-4330-94af-83aa4ad00a75","type":{"$type":"EnumType","name":"Enum","displayName":"枚举","enumValues":[{"name":"未稽核","value":"None"},{"name":"稽核通过","value":"Passed"},{"name":"稽核不通过","value":"Reject"}],"valueType":{"$type":"StringType","length":36,"name":"String","displayName":"字符串"}},"path":"AuditStatus","bindingField":"auditStatus","bindingPath":"auditStatus","code":"AuditStatus","label":"auditStatus","originalId":"2db7782a-eb85-4330-94af-83aa4ad00a75"}],"entities":[{"name":"报销明细","id":"e052696c-70aa-4173-bd46-042ab6f11a4e","type":{"$type":"EntityType","fields":[{"$type":"SimpleField","refElementId":null,"defaultValue":"","editor":{"$type":"TextBox"},"readonly":false,"require":true,"multiLanguage":false,"name":"主键","id":"4baa9a28-88b5-4393-8696-7d01b6632ea0","type":{"$type":"StringType","length":36,"name":"String","displayName":"字符串"},"path":"ID","bindingField":"id","bindingPath":"id","code":"ID","label":"id","originalId":"4baa9a28-88b5-4393-8696-7d01b6632ea0"},{"$type":"SimpleField","refElementId":null,"defaultValue":"","editor":{"$type":"TextBox"},"readonly":false,"require":true,"multiLanguage":false,"name":"上级对象主键","id":"6ae29de8-689b-49be-8d38-096ffac620c2","type":{"$type":"StringType","length":36,"name":"String","displayName":"字符串"},"path":"ParentID","bindingField":"parentID","bindingPath":"parentID","code":"ParentID","label":"parentID","originalId":"6ae29de8-689b-49be-8d38-096ffac620c2"},{"$type":"SimpleField","refElementId":null,"defaultValue":"","editor":{"$type":"DateBox","format":"'yyyy-MM-dd'"},"readonly":false,"require":false,"multiLanguage":false,"name":"费用日期","id":"de1b482a-5881-45cd-b8c0-3d6ec21c4f7d","type":{"$type":"DateTimeType","name":"DateTime","displayName":"日期时间"},"path":"BillDetailDate","bindingField":"billDetailDate","bindingPath":"billDetailDate","code":"BillDetailDate","label":"billDetailDate","originalId":"de1b482a-5881-45cd-b8c0-3d6ec21c4f7d"},{"$type":"SimpleField","refElementId":null,"defaultValue":"","editor":{"$type":"NumericBox"},"readonly":false,"require":false,"multiLanguage":false,"name":"报销金额","id":"d32147ad-1dd1-4617-b5b1-d8d9e75b562d","type":{"$type":"NumericType","length":18,"name":"Number","displayName":"数字","precision":2},"path":"BillDetailAmount","bindingField":"billDetailAmount","bindingPath":"billDetailAmount","code":"BillDetailAmount","label":"billDetailAmount","originalId":"d32147ad-1dd1-4617-b5b1-d8d9e75b562d"},{"$type":"SimpleField","refElementId":null,"defaultValue":"","editor":{"$type":"MultiTextBox"},"readonly":false,"require":false,"multiLanguage":false,"name":"费用说明","id":"c74d35e4-11ee-495f-b639-5a03063a22bd","type":{"$type":"TextType","length":0,"name":"Text","displayName":"文本"},"path":"BillDetailNote","bindingField":"billDetailNote","bindingPath":"billDetailNote","code":"BillDetailNote","label":"billDetailNote","originalId":"c74d35e4-11ee-495f-b639-5a03063a22bd"},{"$type":"SimpleField","refElementId":null,"defaultValue":"","editor":{"$type":"TextBox"},"readonly":false,"require":false,"multiLanguage":false,"name":"发票号码","id":"36484678-05cc-49da-9864-c3337d93ae0f","type":{"$type":"StringType","length":36,"name":"String","displayName":"字符串"},"path":"InvoiceNO","bindingField":"invoiceNO","bindingPath":"invoiceNO","code":"InvoiceNO","label":"invoiceNO","originalId":"36484678-05cc-49da-9864-c3337d93ae0f"}],"entities":[],"primary":"id","name":"BXMX","displayName":"报销明细"},"code":"BXMX","label":"bxmxs"},{"name":"报销附件","id":"d79dd323-e5b1-4794-8bf1-273b9d5d7997","type":{"$type":"EntityType","fields":[{"$type":"SimpleField","refElementId":null,"defaultValue":"","editor":{"$type":"TextBox"},"readonly":false,"require":true,"multiLanguage":false,"name":"主键","id":"d7e05169-69e5-4145-853e-7f1ed16e7bf4","type":{"$type":"StringType","length":36,"name":"String","displayName":"字符串"},"path":"ID","bindingField":"id","bindingPath":"id","code":"ID","label":"id","originalId":"d7e05169-69e5-4145-853e-7f1ed16e7bf4"},{"$type":"SimpleField","refElementId":null,"defaultValue":"","editor":{"$type":"TextBox"},"readonly":false,"require":true,"multiLanguage":false,"name":"上级对象主键","id":"fed7d586-2b43-424f-8a69-3d6308a1035f","type":{"$type":"StringType","length":36,"name":"String","displayName":"字符串"},"path":"ParentID","bindingField":"parentID","bindingPath":"parentID","code":"ParentID","label":"parentID","originalId":"fed7d586-2b43-424f-8a69-3d6308a1035f"},{"$type":"ComplexField","name":"附件信息","id":"13b8d5a4-31fc-42a5-8f87-4b90a31f1796","type":{"$type":"ObjectType","name":"AttachmentInfo13b8","fields":[{"$type":"SimpleField","refElementId":"","defaultValue":"","editor":{"$type":"TextBox"},"readonly":false,"require":false,"multiLanguage":false,"name":"附件Id","id":"13b8d5a4-4fd6-49ff-a18a-f466a068f905","type":{"$type":"StringType","length":36,"name":"String","displayName":"字符串"},"path":"FileInfo.AttachmentId","bindingField":"fileInfo_AttachmentId","bindingPath":"fileInfo.attachmentId","code":"AttachmentId","label":"attachmentId","originalId":"ff73a947-4fd6-49ff-a18a-f466a068f905"},{"$type":"SimpleField","refElementId":"","defaultValue":"","editor":{"$type":"TextBox"},"readonly":false,"require":false,"multiLanguage":false,"name":"附件名称","id":"13b8d5a4-1497-4526-86f9-290aab400e0b","type":{"$type":"StringType","length":128,"name":"String","displayName":"字符串"},"path":"FileInfo.FileName","bindingField":"fileInfo_FileName","bindingPath":"fileInfo.fileName","code":"FileName","label":"fileName","originalId":"026b07a9-1497-4526-86f9-290aab400e0b"},{"$type":"SimpleField","refElementId":"","defaultValue":"","editor":{"$type":"NumericBox"},"readonly":false,"require":false,"multiLanguage":false,"name":"附件大小","id":"13b8d5a4-dd56-4cab-a54b-577a65f9eb6e","type":{"$type":"NumericType","length":128,"name":"Number","displayName":"数字","precision":8},"path":"FileInfo.FileSize","bindingField":"fileInfo_FileSize","bindingPath":"fileInfo.fileSize","code":"FileSize","label":"fileSize","originalId":"6369fb66-dd56-4cab-a54b-577a65f9eb6e"},{"$type":"SimpleField","refElementId":"","defaultValue":"","editor":{"$type":"DateBox","format":"'yyyy-MM-dd'"},"readonly":false,"require":false,"multiLanguage":false,"name":"附件上传时间","id":"13b8d5a4-a1f5-4f6c-9c82-ddb10864c652","type":{"$type":"DateTimeType","name":"DateTime","displayName":"日期时间"},"path":"FileInfo.FileCreateTime","bindingField":"fileInfo_FileCreateTime","bindingPath":"fileInfo.fileCreateTime","code":"FileCreateTime","label":"fileCreateTime","originalId":"ff677864-a1f5-4f6c-9c82-ddb10864c652"}],"displayName":"附件信息"},"path":"FileInfo","bindingField":"fileInfo","bindingPath":"fileInfo","code":"FileInfo","label":"fileInfo","originalId":"13b8d5a4-31fc-42a5-8f87-4b90a31f1796"}],"entities":[],"primary":"id","name":"BXFJ","displayName":"报销附件"},"code":"BXFJ","label":"bxfjs"}],"primary":"id","name":"ROBXD","displayName":"报销单"},"code":"ROBXD","label":"robxds"}],"sourceType":"vo","code":"ROBXDZD2_frm","extendProperties":{"enableStdTimeFormat":true},"eapiId":"15557916-8423-4170-a948-962d37d01db8"}],"states":[],"contents":[],"stateMachines":[{"id":"ROBXDZD2_state_machine","name":"报销单表单状态机","uri":"e2606897-ff06-446e-a486-e2fd756b9a49"}],"viewmodels":[{"id":"root-viewmodel","code":"root-viewmodel","name":"报销单","fields":[],"stateMachine":"ROBXDZD2_state_machine","serviceRefs":[],"commands":[{"id":"e05264fb-796d-43fb-b83b-9e2f3866c328","code":"Load1","name":"加载","params":[{"name":"action","shownName":"初始动作","value":"{UISTATE~/root-component/action}","description":null}],"handlerName":"Load","cmpId":"8172a979-2c80-4637-ace7-b13074d3f393","extensions":[],"isInvalid":false},{"id":"246a275c-88c9-4c8a-aa82-be6a950a4325","code":"LoadAndAdd1","name":"加载并新增","params":[{"name":"transitionAction","shownName":"状态迁移动作","value":"Create","description":null}],"handlerName":"LoadAndAdd","cmpId":"8172a979-2c80-4637-ace7-b13074d3f393","extensions":[],"isInvalid":false},{"id":"70acc053-fa15-45be-851c-cf694e1bcaf7","code":"LoadAndView1","name":"加载并查看","params":[{"name":"id","shownName":"数据id","value":"{UISTATE~/root-component/id}","description":null},{"name":"transitionAction","shownName":"状态迁移动作","value":"Cancel","description":null}],"handlerName":"LoadAndView","cmpId":"8172a979-2c80-4637-ace7-b13074d3f393","extensions":[],"isInvalid":false},{"id":"3e72ee6f-8f7b-4f29-aa0e-5887f2861117","code":"LoadAndEdit1","name":"加载并编辑","params":[{"name":"id","shownName":"数据id","value":"{UISTATE~/root-component/id}","description":null},{"name":"transitionAction","shownName":"状态迁移动作","value":"Edit","description":null}],"handlerName":"LoadAndEdit","cmpId":"8172a979-2c80-4637-ace7-b13074d3f393","extensions":[],"isInvalid":false},{"id":"f90aadfa-988c-4da5-a5db-1416c3333794","code":"Add1","name":"新增数据","params":[{"name":"transitionAction","shownName":"状态迁移动作","value":"Create","description":null}],"handlerName":"Add","cmpId":"8172a979-2c80-4637-ace7-b13074d3f393","extensions":[],"isInvalid":false},{"id":"a323e27b-b9c6-4848-93b9-f117403a94ff","code":"Edit1","name":"编辑数据","params":[{"name":"transitionAction","shownName":"状态迁移动作","value":"Edit","description":null}],"handlerName":"Edit","cmpId":"8172a979-2c80-4637-ace7-b13074d3f393","extensions":[],"isInvalid":false},{"id":"31b814db-01e4-407d-8fad-0f08dbb01999","code":"Save1","name":"保存数据","params":[{"name":"transitionAction","shownName":"状态迁移动作","value":"Cancel","description":null}],"handlerName":"Save","cmpId":"8172a979-2c80-4637-ace7-b13074d3f393","extensions":[],"isInvalid":false},{"id":"4f5ed2ec-8def-4a3c-8e7b-397ea93010e8","code":"Cancel1","name":"取消变更","params":[{"name":"transitionAction","shownName":"状态迁移动作","value":"Cancel","description":null}],"handlerName":"Cancel","cmpId":"8172a979-2c80-4637-ace7-b13074d3f393","extensions":[],"isInvalid":false},{"id":"c8504c24-33e8-487a-91ce-2218b803fe01","code":"ChangeItem1","name":"ChangeItem","params":[{"name":"id","shownName":"id","value":"{DATA~/root-component/id}","description":null},{"name":"type","shownName":"type","value":"prev","description":"上一条prev;下一条next"},{"name":"parentId","shownName":"parentId","value":"{UISTATE~/root-component/innerData/WEB_FORM_ROUTER_PARENT_ID}","description":"当前卡片所属列表页的功能id"},{"name":"transitionAction","shownName":"状态迁移动作","value":"Cancel","description":null}],"handlerName":"ChangeItem","cmpId":"8172a979-2c80-4637-ace7-b13074d3f393","extensions":[],"isInvalid":false},{"id":"4a0cfb1a-1262-41a2-aeb9-c8edd5c09683","code":"ChangeItem2","name":"ChangeItem2","params":[{"name":"id","shownName":"id","value":"{DATA~/root-component/id}","description":null},{"name":"type","shownName":"type","value":"next","description":"上一条prev;下一条next"},{"name":"parentId","shownName":"parentId","value":"{UISTATE~/root-component/innerData/WEB_FORM_ROUTER_PARENT_ID}","description":"当前卡片所属列表页的功能id"},{"name":"transitionAction","shownName":"状态迁移动作","value":"Cancel","description":null}],"handlerName":"ChangeItem","cmpId":"8172a979-2c80-4637-ace7-b13074d3f393","extensions":[],"isInvalid":false},{"id":"0d34f338-b601-4716-8530-493b0752483b","code":"submitWithBizDefKey1","name":"提交审批","params":[{"name":"dataId","shownName":"单据id","value":"{DATA~/basic-form-component/id}","description":"数据id"},{"name":"bizDefKey","shownName":"入口单据id","value":"","description":"入口单据id"},{"name":"action","shownName":"迁移动作（可选）","value":"","description":"迁移动作"}],"handlerName":"submitWithBizDefKey","cmpId":"a7cb7d01-9df1-4a32-8202-99c9d0f4c339","shortcut":{},"extensions":[],"isInvalid":false},{"id":"e492063e-a22d-4f23-8aed-7fe139843220","code":"cancelSubmitWithDataId1","name":"取消提交","params":[{"name":"dataId","shownName":"单据id","value":"{DATA~/basic-form-component/id}","description":"数据id"},{"name":"bizDefKey","shownName":"入口单据id","value":"","description":"入口单据id"},{"name":"action","shownName":"迁移动作（可选）","value":"","description":"迁移动作"}],"handlerName":"cancelSubmitWithDataId","cmpId":"a7cb7d01-9df1-4a32-8202-99c9d0f4c339","shortcut":{},"extensions":[],"isInvalid":false}],"states":[],"bindTo":"/","enableUnifiedSession":false},{"id":"basic-form-viewmodel","code":"basic-form-viewmodel","name":"报销单","fields":[{"type":"Form","id":"f710e92e-37ee-4aaf-94a2-2471dc3de767","fieldName":"employeeID_EmployeeID_Name","groupId":"a0d05cac-69c6-4dee-be17-d6bc58da50fd","groupName":"基础信息","updateOn":"blur","fieldSchema":{"editor":{"$type":"LookupEdit","dataSource":{"uri":"ROBXD.employeeID_EmployeeID_Name","displayName":"系统用户帮助","idField":"id","type":"ViewObject"},"valueField":"name","textField":"name","displayType":"List","mapFields":"{'id':'employeeID.employeeID','name':'employeeID.employeeID_Name'}","helpId":"915a0b20-975a-4df1-8cfd-888c3dda0009"},"name":"报销人","require":false,"readonly":false}},{"type":"Form","id":"c2a814ca-d9f8-47cd-9bee-ab0099f65ba4","fieldName":"domainID_DomainID_name","groupId":"a0d05cac-69c6-4dee-be17-d6bc58da50fd","groupName":"基础信息","updateOn":"blur","fieldSchema":{"editor":{"$type":"LookupEdit","dataSource":{"uri":"ROBXD.domainID_DomainID_name","displayName":"系统组织帮助","idField":"id","type":"ViewObject"},"valueField":"name","textField":"name","displayType":"TreeList","mapFields":"{'id':'domainID.domainID','name':'domainID.domainID_name'}","helpId":"b524a702-7323-4d46-998e-5ba0c6abcd49"},"name":"所属部门","require":false,"readonly":false}},{"type":"Form","id":"c2735656-6214-4fcd-b1dd-66628fe18ddf","fieldName":"billCode","groupId":"a0d05cac-69c6-4dee-be17-d6bc58da50fd","groupName":"基础信息","updateOn":"blur"},{"type":"Form","id":"09c990b5-036e-4c9d-8b16-a9c5c51e17dd","fieldName":"totalSum","groupId":"a0d05cac-69c6-4dee-be17-d6bc58da50fd","groupName":"基础信息","updateOn":"blur","fieldSchema":{"name":"报账金额"}},{"type":"Form","id":"239d6d48-2f3e-482c-ab34-9a99c4a19e99","fieldName":"billType","groupId":"a0d05cac-69c6-4dee-be17-d6bc58da50fd","groupName":"基础信息","updateOn":"change","fieldSchema":{"require":true}},{"type":"Form","id":"4c58ce86-be5a-494c-b37b-16495ea2348c","fieldName":"billDate","groupId":"cea1199f-cfce-45d9-afc4-29298c3dd860","groupName":"高级信息","updateOn":"blur"},{"type":"Form","id":"c87a3547-5352-458d-af4c-1980baa0ec15","fieldName":"projectID","groupId":"cea1199f-cfce-45d9-afc4-29298c3dd860","groupName":"高级信息","updateOn":"blur"},{"type":"Form","id":"909f28e5-78a6-47f9-be58-dc885280693f","fieldName":"billNote","groupId":"cea1199f-cfce-45d9-afc4-29298c3dd860","groupName":"高级信息","updateOn":"blur"},{"type":"Form","id":"5679472b-bb0b-48f6-9d25-19a64a1c4975","fieldName":"projectMrg_ProjectMrg_Name","groupId":"cea1199f-cfce-45d9-afc4-29298c3dd860","groupName":"高级信息","updateOn":"blur","fieldSchema":{"editor":{"$type":"LookupEdit","dataSource":{"uri":"ROBXD.projectMrg_ProjectMrg_Name","displayName":"系统用户帮助","idField":"id","type":"ViewObject"},"valueField":"name","textField":"name","displayType":"List","mapFields":"{'id':'projectMrg.projectMrg','name':'projectMrg.projectMrg_Name'}","helpId":"915a0b20-975a-4df1-8cfd-888c3dda0009"},"name":"项目经理","require":false,"readonly":false}},{"type":"Form","id":"2db7782a-eb85-4330-94af-83aa4ad00a75","fieldName":"auditStatus","groupId":"cea1199f-cfce-45d9-afc4-29298c3dd860","groupName":"高级信息","updateOn":"change","fieldSchema":{"readonly":true}}],"serviceRefs":[],"commands":[],"states":[],"bindTo":"/","parent":"root-viewmodel","enableValidation":true},{"id":"bxmx-component-viewmodel","code":"bxmx-component-viewmodel","name":"报销明细","fields":[{"type":"Form","id":"de1b482a-5881-45cd-b8c0-3d6ec21c4f7d","fieldName":"billDetailDate","groupId":null,"groupName":null,"updateOn":"blur"},{"type":"Form","id":"d32147ad-1dd1-4617-b5b1-d8d9e75b562d","fieldName":"billDetailAmount","groupId":null,"groupName":null,"updateOn":"blur"},{"type":"Form","id":"c74d35e4-11ee-495f-b639-5a03063a22bd","fieldName":"billDetailNote","groupId":null,"groupName":null,"updateOn":"blur"},{"type":"Form","id":"36484678-05cc-49da-9864-c3337d93ae0f","fieldName":"invoiceNO","groupId":null,"groupName":null,"updateOn":"blur"}],"states":[],"bindTo":"/bxmxs","parent":"root-viewmodel","commands":[{"id":"3ff27239-f174-44cd-8494-f7baebdaf2e2","code":"bxmxAddItem1","name":"增加一条子表数据","params":[],"handlerName":"AddItem","cmpId":"8172a979-2c80-4637-ace7-b13074d3f393","extensions":[],"isInvalid":false},{"id":"e5aaa73a-db5d-444a-8d0c-b7b7784a57ac","code":"bxmxRemoveItem1","name":"删除一条子表数据","params":[{"name":"id","shownName":"待删除子表数据的标识","value":"{DATA~/#{bxmx-component}/bxmxs/id}"}],"handlerName":"RemoveItem","cmpId":"8172a979-2c80-4637-ace7-b13074d3f393","extensions":[],"isInvalid":false}],"serviceRefs":[],"enableValidation":true},{"id":"bxfj-component-viewmodel","code":"bxfj-component-viewmodel","name":"报销附件","fields":[{"type":"Form","id":"13b8d5a4-1497-4526-86f9-290aab400e0b","fieldName":"fileInfo_FileName","groupId":null,"groupName":null,"updateOn":"blur"},{"type":"Form","id":"13b8d5a4-dd56-4cab-a54b-577a65f9eb6e","fieldName":"fileInfo_FileSize","groupId":null,"groupName":null,"updateOn":"blur"},{"type":"Form","id":"13b8d5a4-a1f5-4f6c-9c82-ddb10864c652","fieldName":"fileInfo_FileCreateTime","groupId":null,"groupName":null,"updateOn":"blur"}],"states":[],"bindTo":"/bxfjs","parent":"root-viewmodel","commands":[{"id":"909aa54f-01f5-4c4b-9e59-16c515ec5b54","code":"bxfjAddItem1","name":"增加一条子表数据","params":[],"handlerName":"AddItem","cmpId":"8172a979-2c80-4637-ace7-b13074d3f393","extensions":[],"isInvalid":false},{"id":"ba62d299-cd50-4d39-b77b-da79d75cb236","code":"bxfjRemoveItem1","name":"删除一条子表数据","params":[{"name":"id","shownName":"待删除子表数据的标识","value":"{DATA~/#{bxfj-component}/bxfjs/id}"}],"handlerName":"RemoveItem","cmpId":"8172a979-2c80-4637-ace7-b13074d3f393","extensions":[],"isInvalid":false}],"serviceRefs":[],"enableValidation":true}],"components":[{"id":"root-component","type":"Component","viewModel":"root-viewmodel","componentType":"Frame","onInit":"Load1","contents":[{"id":"root-layout","type":"ContentContainer","appearance":{"class":"f-page f-page-card f-page-is-mainsubcard"},"size":null,"contents":[{"id":"page-header","type":"ContentContainer","appearance":{"class":"f-page-header"},"size":null,"contents":[{"id":"header-nav","type":"ContentContainer","appearance":{"class":"f-page-header-base"},"size":null,"contents":[{"id":"header-title-container","type":"ContentContainer","appearance":{"class":"f-title"},"size":null,"contents":[{"id":"page-header-title","type":"HtmlTemplate","html":"<span class=\"f-title-icon f-text-orna-bill\"><i class=\"f-icon f-icon-page-title-record\"></i></span><h4 class=\"f-title-text\">报销单表单</h4><div class=\"f-title-pagination\"><span class=\"f-icon f-icon-arrow-w\" [ngClass]=\"{'f-state-disabled':!viewModel.stateMachine['canEdit']}\" (click)=\"viewModel.stateMachine['canEdit']&&viewModel.ChangeItem1()\"></span><span class=\"f-icon f-icon-arrow-e\" [ngClass]=\"{'f-state-disabled':!viewModel.stateMachine['canEdit']}\" (click)=\"viewModel.stateMachine['canEdit']&&viewModel.ChangeItem2()\"></span></div>"}],"visible":true,"isScrollspyContainer":false},{"id":"page-header-toolbar","type":"ToolBar","appearance":{"class":"col-7 f-toolbar"},"size":null,"items":[{"id":"button-add","type":"ToolBarItem","text":"新增","appearance":{"class":"btn-primary"},"disable":"!viewModel.stateMachine['canAdd']","visible":true,"click":"Add1","items":[],"usageMode":"button","modalConfig":null},{"id":"button-edit","type":"ToolBarItem","text":"编辑","appearance":null,"disable":"!viewModel.stateMachine['canEdit']","visible":true,"click":"Edit1","items":[],"usageMode":"button","modalConfig":null},{"id":"button-save","type":"ToolBarItem","text":"保存","appearance":null,"disable":"!viewModel.stateMachine['canSave']","visible":true,"click":"Save1","items":[],"usageMode":"button","modalConfig":null},{"id":"button-cancel","type":"ToolBarItem","text":"取消","appearance":null,"disable":"!viewModel.stateMachine['canCancel']","visible":true,"click":"Cancel1","items":[],"usageMode":"button","modalConfig":null},{"id":"button-approve","type":"ToolBarItem","appearance":null,"disable":"!viewModel.stateMachine['canApprove']","text":"提交审批","visible":true,"click":"submitWithBizDefKey1","items":[],"usageMode":"button","modalConfig":null},{"id":"button-cancel-approve","type":"ToolBarItem","appearance":null,"disable":"!viewModel.stateMachine['canCancelApprove']","text":"取消提交审批","visible":true,"click":"cancelSubmitWithDataId1","items":[],"usageMode":"button","modalConfig":null}],"visible":true,"buttonSize":"default","popDirection":"default"}],"visible":true,"isScrollspyContainer":false}],"visible":true,"isScrollspyContainer":false},{"id":"main-container","type":"ContentContainer","appearance":{"class":"f-page-main"},"size":null,"contents":[{"id":"like-card-container","type":"ContentContainer","appearance":{"class":"f-struct-like-card"},"size":null,"contents":[{"id":"basic-form-component-ref","type":"ComponentRef","component":"basic-form-component","visible":true},{"id":"detail-container","type":"ContentContainer","appearance":{"class":"f-struct-wrapper"},"size":null,"contents":[{"id":"detail-section","type":"Section","appearance":{"class":"f-section-tabs f-section-in-mainsubcard"},"visible":true,"mainTitle":"","subTitle":"","headerClass":"","titleClass":"","extendedHeaderAreaClass":"","toolbarClass":"","extendedAreaClass":"","contentTemplateClass":"","fill":false,"expanded":true,"enableMaximize":false,"enableAccordion":true,"accordionMode":"default","showHeader":false,"headerTemplate":"","titleTemplate":"","extendedHeaderAreaTemplate":"","toolbarTemplate":"","extendedAreaTemplate":"","contents":[{"id":"detail-tab","type":"Tab","controlSource":"Farris","appearance":{"class":"f-component-tabs f-tabs-has-grid"},"selected":"bxmx-tab-page","size":null,"position":"top","contents":[{"id":"bxmx-tab-page","type":"TabPage","controlSource":"Farris","title":"报销明细","appearance":null,"size":null,"removeable":false,"headerTemplate":null,"contents":[{"id":"bxmx-component-ref","type":"ComponentRef","component":"bxmx-component","visible":true}],"toolbar":{"id":"bxmx-tab-toolbar","type":"TabToolbar","position":"inHead","contents":[{"id":"bxmxAddButton","type":"TabToolbarItem","title":"新增","disable":"!viewModel.stateMachine['canAddDetail']","appearance":{"class":"btn btn-secondary f-btn-ml"},"visible":true,"click":"root-viewmodel.bxmx-component-viewmodel.bxmxAddItem1"},{"id":"bxmxRemoveButton","type":"TabToolbarItem","title":"删除","disable":"!viewModel.stateMachine['canRemoveDetail']","appearance":{"class":"btn btn-secondary f-btn-ml"},"visible":true,"click":"root-viewmodel.bxmx-component-viewmodel.bxmxRemoveItem1"}]},"visible":true},{"id":"bxfj-tab-page","type":"TabPage","controlSource":"Farris","title":"报销附件","appearance":null,"size":null,"removeable":false,"headerTemplate":null,"contents":[{"id":"bxfj-component-ref","type":"ComponentRef","component":"bxfj-component","visible":true}],"toolbar":{"id":"bxfj-tab-toolbar","type":"TabToolbar","position":"inHead","contents":[{"id":"bxfjAddButton","type":"TabToolbarItem","title":"新增","disable":"!viewModel.stateMachine['canAddDetail']","appearance":{"class":"btn btn-secondary f-btn-ml"},"visible":true,"click":"root-viewmodel.bxfj-component-viewmodel.bxfjAddItem1"},{"id":"bxfjRemoveButton","type":"TabToolbarItem","title":"删除","disable":"!viewModel.stateMachine['canRemoveDetail']","appearance":{"class":"btn btn-secondary f-btn-ml"},"visible":true,"click":"root-viewmodel.bxfj-component-viewmodel.bxfjRemoveItem1"}]},"visible":true}],"tabChange":null,"tabRemove":null,"contentFill":false,"autoTitleWidth":false,"titleWidth":0,"titleLength":7,"visible":true}],"isScrollSpyItem":false,"toolbar":{"id":"detail-section-toolbar","type":"SectionToolbar","position":"inHead","contents":[]}}],"visible":true,"isScrollspyContainer":false}],"visible":true,"draggable":false,"isLikeCardContainer":true,"isScrollspyContainer":false}],"visible":true,"isScrollspyContainer":false}],"visible":true,"isScrollspyContainer":false}],"appearance":null,"visible":true,"afterViewInit":null},{"id":"basic-form-component","type":"Component","viewModel":"basic-form-viewmodel","componentType":"form-col-4","appearance":{"class":"f-struct-wrapper"},"onInit":"","contents":[{"id":"basic-form-section","type":"Section","appearance":{"class":"f-section-form f-section-in-mainsubcard"},"visible":true,"mainTitle":"基本信息","subTitle":"","headerClass":"","titleClass":"","extendedHeaderAreaClass":"","toolbarClass":"","extendedAreaClass":"","contentTemplateClass":"","fill":false,"expanded":true,"enableMaximize":false,"enableAccordion":true,"accordionMode":"default","showHeader":true,"headerTemplate":"","titleTemplate":"","extendedHeaderAreaTemplate":"","toolbarTemplate":"","extendedAreaTemplate":"","contents":[{"id":"basic-form-layout","type":"Form","appearance":{"class":"f-form-layout farris-form farris-form-controls-inline"},"size":null,"contents":[{"id":"a0d05cac-69c6-4dee-be17-d6bc58da50fd","type":"FieldSet","title":"基础信息","appearance":{"class":"col-12 px-0"},"size":null,"collapse":false,"expandText":"","collapseText":"","contentTemplate":null,"headerTemplate":null,"contents":[{"id":"employeeID_EmployeeID_Name_f710e92e_v81c","type":"LookupEdit","titleSourceType":"static","title":"报销人","appearance":{"class":"col-12 col-md-6 col-xl-3 col-el-2"},"size":null,"binding":{"type":"Form","path":"employeeID_EmployeeID_Name","field":"f710e92e-37ee-4aaf-94a2-2471dc3de767","fullPath":"EmployeeID.EmployeeID_Name"},"readonly":"!viewModel.stateMachine['editable']","require":false,"disable":false,"placeHolder":"","dataSource":{"uri":"ROBXD.employeeID_EmployeeID_Name","displayName":"系统用户帮助","idField":"id","type":"ViewObject"},"textField":"name","valueField":"name","displayType":"List","multiSelect":false,"pageList":"10,20,30,50,100","pageSize":20,"pageIndex":null,"pagination":null,"dialogTitle":"","showMaxButton":null,"showCloseButton":null,"resizable":null,"buttonAlign":null,"mapFields":"{'id':'employeeID.employeeID','name':'employeeID.employeeID_Name'}","lookupStyle":"popup","holdPlace":false,"isTextArea":true,"useTip":false,"useFavorite":true,"noSearch":false,"maxSearchLength":36,"enableToSelect":true,"isRecordSize":false,"lookupPicking":null,"lookupPicked":null,"linkedLabelEnabled":false,"linkedLabelClick":null,"visible":true,"enableExtendLoadMethod":true,"editable":false,"enableFullTree":false,"enableClear":true,"clear":null,"loadTreeDataType":"default","expandLevel":-1,"enableCascade":false,"cascadeStatus":"enable","onShown":null,"onHidden":null,"beforeShow":null,"beforeHide":null,"tabindex":0,"hasDefaultFocus":false,"focusState":null,"titleWidth":null,"textAlign":"left","useExtendInfo":false,"extInfoFields":null,"extInfoFormatter":null,"customFormatter":null,"customNavFormatter":null,"selectFirstInNav":false,"loadDataWhenOpen":true,"onlySelectLeaf":"default","viewType":"text","autoHeight":false,"autoWidth":true,"maxHeight":null,"showHeader":true,"beforeSelectData":null,"enableAppend":false,"inputAppendType":"button","inputAppendDisabled":false,"enableContextMenu":false,"path":"employeeID.employeeID_Name","isRTControl":false,"updateOn":"blur","helpId":"915a0b20-975a-4df1-8cfd-888c3dda0009"},{"id":"domainID_DomainID_name_c2a814ca_9qcb","type":"LookupEdit","titleSourceType":"static","title":"所属部门","appearance":{"class":"col-12 col-md-6 col-xl-3 col-el-2"},"size":null,"binding":{"type":"Form","path":"domainID_DomainID_name","field":"c2a814ca-d9f8-47cd-9bee-ab0099f65ba4","fullPath":"DomainID.DomainID_name"},"readonly":"!viewModel.stateMachine['editable']","require":false,"disable":false,"placeHolder":"","dataSource":{"uri":"ROBXD.domainID_DomainID_name","displayName":"系统组织帮助","idField":"id","type":"ViewObject"},"textField":"name","valueField":"name","displayType":"TreeList","multiSelect":false,"pageList":"10,20,30,50,100","pageSize":20,"pageIndex":null,"pagination":null,"dialogTitle":"","showMaxButton":null,"showCloseButton":null,"resizable":null,"buttonAlign":null,"mapFields":"{'id':'domainID.domainID','name':'domainID.domainID_name'}","lookupStyle":"popup","holdPlace":false,"isTextArea":true,"useTip":false,"useFavorite":true,"noSearch":false,"maxSearchLength":100,"enableToSelect":true,"isRecordSize":false,"lookupPicking":null,"lookupPicked":null,"linkedLabelEnabled":false,"linkedLabelClick":null,"visible":true,"enableExtendLoadMethod":true,"editable":false,"enableFullTree":false,"enableClear":true,"clear":null,"loadTreeDataType":"default","expandLevel":-1,"enableCascade":false,"cascadeStatus":"enable","onShown":null,"onHidden":null,"beforeShow":null,"beforeHide":null,"tabindex":0,"hasDefaultFocus":false,"focusState":null,"titleWidth":null,"textAlign":"left","useExtendInfo":false,"extInfoFields":null,"extInfoFormatter":null,"customFormatter":null,"customNavFormatter":null,"selectFirstInNav":false,"loadDataWhenOpen":true,"onlySelectLeaf":"default","viewType":"text","autoHeight":false,"autoWidth":true,"maxHeight":null,"showHeader":true,"beforeSelectData":null,"enableAppend":false,"inputAppendType":"button","inputAppendDisabled":false,"enableContextMenu":false,"path":"domainID.domainID_name","isRTControl":false,"updateOn":"blur","helpId":"b524a702-7323-4d46-998e-5ba0c6abcd49"},{"id":"billCode_c2735656_chny","type":"TextBox","titleSourceType":"static","title":"单据编号","appearance":{"class":"col-12 col-md-6 col-xl-3 col-el-2"},"size":null,"binding":{"type":"Form","path":"billCode","field":"c2735656-6214-4fcd-b1dd-66628fe18ddf"},"readonly":"!viewModel.stateMachine['editable']","require":false,"disable":false,"placeHolder":"","format":null,"validation":null,"value":null,"maxLength":36,"linkedLabelEnabled":false,"linkedLabelClick":null,"visible":true,"holdPlace":false,"isTextArea":true,"isPassword":false,"tabindex":-1,"hasDefaultFocus":false,"focusState":null,"titleWidth":null,"enableTips":true,"path":"billCode","enableAppend":false,"inputAppendType":"button","inputAppendDisabled":false},{"id":"totalSum_09c990b5_t8l4","type":"NumericBox","titleSourceType":"static","title":"报账金额","controlSource":"Farris","appearance":{"class":"col-12 col-md-6 col-xl-3 col-el-2"},"size":null,"binding":{"type":"Form","path":"totalSum","field":"09c990b5-036e-4c9d-8b16-a9c5c51e17dd"},"readonly":"!viewModel.stateMachine['editable']","require":false,"disable":false,"placeHolder":"","textAlign":"left","precisionSourceType":"static","precision":2,"validation":null,"maxValue":null,"minValue":null,"step":1,"useThousands":true,"formatter":null,"parser":null,"canNull":true,"bigNumber":false,"maxLength":18,"holdPlace":false,"linkedLabelEnabled":false,"linkedLabelClick":null,"visible":true,"isTextArea":true,"tabindex":-1,"hasDefaultFocus":false,"focusState":null,"titleWidth":null,"showZero":true,"showButton":true,"path":"totalSum","localization":false,"enableAppend":false,"inputAppendType":"button","inputAppendDisabled":false,"updateOn":"blur"},{"id":"billType_239d6d48_c4sc","type":"EnumField","titleSourceType":"static","title":"报销类型","controlSource":"Farris","appearance":{"class":"col-12 col-md-6 col-xl-3 col-el-2"},"size":null,"binding":{"type":"Form","path":"billType","field":"239d6d48-2f3e-482c-ab34-9a99c4a19e99"},"placeHolder":"","readonly":"!viewModel.stateMachine['editable']","require":true,"disable":false,"enumData":[{"name":"差旅费","value":"CL"},{"name":"交通费","value":"JT"},{"name":"手机费","value":"SJ"}],"holdPlace":false,"isTextArea":true,"linkedLabelEnabled":false,"linkedLabelClick":null,"visible":true,"tabindex":-1,"hasDefaultFocus":false,"focusState":null,"titleWidth":null,"idField":"value","textField":"name","multiSelect":false,"uri":"","autoWidth":true,"enableClear":false,"onClear":null,"valueChanged":null,"onShown":null,"onHidden":null,"editable":false,"enableCancelSelected":false,"beforeShow":null,"beforeHide":null,"dataSourceType":"static","path":"billType","viewType":"text","noSearch":false,"maxSearchLength":null,"enableAppend":false,"inputAppendType":"button","inputAppendDisabled":false,"updateOn":"change"}],"sectionCollapseVisible":false,"isScrollSpyItem":false,"visible":true},{"id":"cea1199f-cfce-45d9-afc4-29298c3dd860","type":"FieldSet","title":"高级信息","appearance":{"class":"col-12 px-0"},"size":null,"collapse":false,"expandText":"","collapseText":"","contentTemplate":null,"headerTemplate":null,"contents":[{"id":"billDate_4c58ce86_fnxw","type":"DateBox","titleSourceType":"static","title":"制单日期","controlSource":"Farris","appearance":{"class":"col-12 col-md-6 col-xl-3 col-el-2"},"size":null,"binding":{"type":"Form","path":"billDate","field":"4c58ce86-be5a-494c-b37b-16495ea2348c"},"readonly":"!viewModel.stateMachine['editable']","require":false,"disable":false,"placeHolder":"","validation":null,"value":null,"editable":true,"dateRange":false,"showTime":true,"showType":1,"dateFormat":"yyyy-MM-dd HH:mm:ss","returnFormat":"yyyy-MM-dd HH:mm:ss","maxValue":null,"minValue":null,"disableDates":[],"showWeekNumbers":false,"dateRangeDatesDelimiter":"~","shortcuts":[],"fieldType":"DateTime","useDefault":false,"holdPlace":false,"linkedLabelEnabled":false,"linkedLabelClick":null,"visible":true,"isTextArea":true,"tabindex":-1,"hasDefaultFocus":false,"focusState":null,"titleWidth":null,"localization":false,"path":"billDate","localizationType":"DateTime","enableAppend":false,"inputAppendType":"button","inputAppendDisabled":false,"updateOn":"blur"},{"id":"projectID_c87a3547_rb43","type":"TextBox","titleSourceType":"static","title":"所属项目","appearance":{"class":"col-12 col-md-6 col-xl-3 col-el-2"},"size":null,"binding":{"type":"Form","path":"projectID","field":"c87a3547-5352-458d-af4c-1980baa0ec15"},"readonly":"!viewModel.stateMachine['editable']","require":false,"disable":false,"placeHolder":"","format":null,"validation":null,"value":null,"maxLength":36,"linkedLabelEnabled":false,"linkedLabelClick":null,"visible":true,"holdPlace":false,"isTextArea":true,"isPassword":false,"tabindex":-1,"hasDefaultFocus":false,"focusState":null,"titleWidth":null,"enableTips":true,"path":"projectID","enableAppend":false,"inputAppendType":"button","inputAppendDisabled":false,"updateOn":"blur"},{"id":"projectMrg_ProjectMrg_Name_5679472b_am0p","type":"LookupEdit","titleSourceType":"static","title":"项目经理","appearance":{"class":"col-12 col-md-6 col-xl-3 col-el-2"},"size":null,"binding":{"type":"Form","path":"projectMrg_ProjectMrg_Name","field":"5679472b-bb0b-48f6-9d25-19a64a1c4975","fullPath":"ProjectMrg.ProjectMrg_Name"},"readonly":"!viewModel.stateMachine['editable']","require":false,"disable":false,"placeHolder":"","dataSource":{"uri":"ROBXD.projectMrg_ProjectMrg_Name","displayName":"系统用户帮助","idField":"id","type":"ViewObject"},"textField":"name","valueField":"name","displayType":"List","multiSelect":false,"pageList":"10,20,30,50,100","pageSize":20,"pageIndex":null,"pagination":null,"dialogTitle":"","showMaxButton":null,"showCloseButton":null,"resizable":null,"buttonAlign":null,"mapFields":"{'id':'projectMrg.projectMrg','name':'projectMrg.projectMrg_Name'}","lookupStyle":"popup","holdPlace":false,"isTextArea":true,"useTip":false,"useFavorite":true,"noSearch":false,"maxSearchLength":36,"enableToSelect":true,"isRecordSize":false,"lookupPicking":null,"lookupPicked":null,"linkedLabelEnabled":false,"linkedLabelClick":null,"visible":true,"enableExtendLoadMethod":true,"editable":false,"enableFullTree":false,"enableClear":true,"clear":null,"loadTreeDataType":"default","expandLevel":-1,"enableCascade":false,"cascadeStatus":"enable","onShown":null,"onHidden":null,"beforeShow":null,"beforeHide":null,"tabindex":0,"hasDefaultFocus":false,"focusState":null,"titleWidth":null,"textAlign":"left","useExtendInfo":false,"extInfoFields":null,"extInfoFormatter":null,"customFormatter":null,"customNavFormatter":null,"selectFirstInNav":false,"loadDataWhenOpen":true,"onlySelectLeaf":"default","viewType":"text","autoHeight":false,"autoWidth":true,"maxHeight":null,"showHeader":true,"beforeSelectData":null,"enableAppend":false,"inputAppendType":"button","inputAppendDisabled":false,"enableContextMenu":false,"path":"projectMrg.projectMrg_Name","isRTControl":false,"updateOn":"blur","helpId":"915a0b20-975a-4df1-8cfd-888c3dda0009"},{"id":"auditStatus_2db7782a_6vjc","type":"EnumField","titleSourceType":"static","title":"稽核状态","controlSource":"Farris","appearance":{"class":"col-12 col-md-6 col-xl-3 col-el-2"},"size":null,"binding":{"type":"Form","path":"auditStatus","field":"2db7782a-eb85-4330-94af-83aa4ad00a75"},"placeHolder":"","readonly":true,"require":false,"disable":false,"enumData":[{"name":"未稽核","value":"None"},{"name":"稽核通过","value":"Passed"},{"name":"稽核不通过","value":"Reject"}],"holdPlace":false,"isTextArea":true,"linkedLabelEnabled":false,"linkedLabelClick":null,"visible":true,"tabindex":-1,"hasDefaultFocus":false,"focusState":null,"titleWidth":null,"idField":"value","textField":"name","multiSelect":false,"uri":"","autoWidth":true,"enableClear":false,"onClear":null,"valueChanged":null,"onShown":null,"onHidden":null,"editable":false,"enableCancelSelected":false,"beforeShow":null,"beforeHide":null,"dataSourceType":"static","path":"auditStatus","viewType":"text","noSearch":false,"maxSearchLength":null,"enableAppend":false,"inputAppendType":"button","inputAppendDisabled":false,"updateOn":"change"},{"id":"billNote_909f28e5_gsdr","type":"MultiTextBox","titleSourceType":"static","title":"报销说明","binding":{"type":"Form","path":"billNote","field":"909f28e5-78a6-47f9-be58-dc885280693f"},"placeHolder":"","appearance":{"class":"col-12 col-md-6 col-xl-3 col-el-2"},"size":null,"readonly":"!viewModel.stateMachine['editable']","require":false,"disable":false,"format":null,"validation":null,"value":null,"maxLength":2000,"linkedLabelEnabled":false,"linkedLabelClick":null,"visible":true,"holdPlace":false,"isTextArea":true,"tabindex":-1,"hasDefaultFocus":false,"focusState":null,"titleWidth":null,"autoHeight":false,"maxHeight":null,"path":"billNote","editType":"default","dialogWidth":500,"dialogHeight":400,"enableWordCount":false,"countType":"surplus","onlyShowInDialog":false,"enableAppend":false,"inputAppendType":"button","inputAppendDisabled":false,"updateOn":"blur"}],"sectionCollapseVisible":false,"isScrollSpyItem":false,"visible":true}],"controlsInline":true,"formAutoIntl":true,"visible":true}],"isScrollSpyItem":false,"toolbar":{"type":"SectionToolbar","position":"inHead","contents":[]}}],"visible":true,"afterViewInit":null},{"id":"bxmx-component","type":"Component","viewModel":"bxmx-component-viewmodel","appearance":{"class":"f-struct-is-subgrid"},"contents":[{"id":"bxmx-component-layout","type":"ContentContainer","appearance":{"class":"f-grid-is-sub f-utils-flex-column"},"size":null,"contents":[{"id":"dataGrid_bxmx","type":"DataGrid","controlSource":"Farris","dataSource":"bxmxs","fields":[{"id":"billDetailDate_de1b482a_kjtu","type":"GridField","controlSource":"Farris","caption":"费用日期","captionTemplate":null,"dataField":"billDetailDate","dataType":"datetime","binding":{"type":"Form","path":"billDetailDate","field":"de1b482a-5881-45cd-b8c0-3d6ec21c4f7d"},"enumData":null,"appearance":null,"size":{"width":120},"displayTemplate":null,"editor":{"id":"billDetailDate_de1b482a_szk8","type":"DateBox","titleSourceType":"static","title":"日期选择","controlSource":"Farris","appearance":null,"size":null,"binding":{"type":"Form","path":"billDetailDate","field":"de1b482a-5881-45cd-b8c0-3d6ec21c4f7d"},"readonly":false,"require":false,"disable":false,"placeHolder":"","validation":null,"value":null,"editable":true,"dateRange":false,"showTime":true,"showType":1,"dateFormat":"yyyy-MM-dd HH:mm:ss","returnFormat":"yyyy-MM-dd HH:mm:ss","maxValue":null,"minValue":null,"disableDates":[],"showWeekNumbers":false,"dateRangeDatesDelimiter":"~","shortcuts":[],"fieldType":"DateTime","useDefault":false,"holdPlace":false,"linkedLabelEnabled":false,"linkedLabelClick":null,"visible":true,"isTextArea":true,"tabindex":-1,"hasDefaultFocus":false,"focusState":null,"titleWidth":null,"localization":false,"path":"billDetailDate","localizationType":"DateTime","enableAppend":false,"inputAppendType":"button","inputAppendDisabled":false},"draggable":false,"frozen":"none","sortable":true,"sortOrder":null,"resizeable":true,"aggregate":{"type":"none","formatter":{"type":"none"}},"groupAggregate":{"type":"none","formatter":{"type":"none"}},"styler":"","colTemplate":"","linkedLabelEnabled":false,"linkedLabelClick":null,"textAlign":"left","hAlign":"left","vAlign":"middle","formatter":{"type":"date","dateFormat":"yyyy-MM-dd HH:mm:ss"},"showTips":false,"tipContent":null,"multiLanguage":false,"enableFilter":false,"headerStyler":"","localization":false,"path":"billDetailDate","localizationType":"DateTime","readonly":false,"idField":"value","textField":"name","visible":true,"allowGrouping":true,"tipMode":"auto"},{"id":"billDetailAmount_d32147ad_6cyu","type":"GridField","controlSource":"Farris","caption":"报销金额","captionTemplate":null,"dataField":"billDetailAmount","dataType":"number","binding":{"type":"Form","path":"billDetailAmount","field":"d32147ad-1dd1-4617-b5b1-d8d9e75b562d"},"enumData":null,"appearance":null,"size":{"width":120},"displayTemplate":null,"editor":{"id":"billDetailAmount_d32147ad_egoy","type":"NumericBox","titleSourceType":"static","title":"数值框","controlSource":"Farris","appearance":null,"size":null,"binding":{"type":"Form","path":"billDetailAmount","field":"d32147ad-1dd1-4617-b5b1-d8d9e75b562d"},"readonly":false,"require":false,"disable":false,"placeHolder":"","textAlign":"left","precisionSourceType":"static","precision":2,"validation":null,"maxValue":null,"minValue":null,"step":1,"useThousands":true,"formatter":null,"parser":null,"canNull":true,"bigNumber":false,"maxLength":18,"holdPlace":false,"linkedLabelEnabled":false,"linkedLabelClick":null,"visible":true,"isTextArea":true,"tabindex":-1,"hasDefaultFocus":false,"focusState":null,"titleWidth":null,"showZero":true,"showButton":true,"path":"billDetailAmount","localization":false,"enableAppend":false,"inputAppendType":"button","inputAppendDisabled":false},"draggable":false,"frozen":"none","sortable":true,"sortOrder":null,"resizeable":true,"aggregate":{"type":"none","formatter":{"type":"none"}},"groupAggregate":{"type":"none","formatter":{"type":"none"}},"styler":"","colTemplate":"","linkedLabelEnabled":false,"linkedLabelClick":null,"textAlign":"left","hAlign":"left","vAlign":"middle","formatter":{"type":"number","precision":2,"thousand":",","decimal":"."},"showTips":false,"tipContent":null,"multiLanguage":false,"enableFilter":false,"headerStyler":"","localization":false,"path":"billDetailAmount","readonly":false,"idField":"value","textField":"name","visible":true,"allowGrouping":true,"tipMode":"auto"},{"id":"billDetailNote_c74d35e4_e9lj","type":"GridField","controlSource":"Farris","caption":"费用说明","captionTemplate":null,"dataField":"billDetailNote","dataType":"string","binding":{"type":"Form","path":"billDetailNote","field":"c74d35e4-11ee-495f-b639-5a03063a22bd"},"enumData":null,"appearance":null,"size":{"width":120},"displayTemplate":null,"editor":{"id":"billDetailNote_c74d35e4_474o","type":"MultiTextBox","titleSourceType":"static","title":"多行文本框","binding":{"type":"Form","path":"billDetailNote","field":"c74d35e4-11ee-495f-b639-5a03063a22bd"},"placeHolder":"","appearance":null,"size":null,"readonly":false,"require":false,"disable":false,"format":null,"validation":null,"value":null,"maxLength":0,"linkedLabelEnabled":false,"linkedLabelClick":null,"visible":true,"holdPlace":false,"isTextArea":true,"tabindex":-1,"hasDefaultFocus":false,"focusState":null,"titleWidth":null,"autoHeight":false,"maxHeight":null,"path":"billDetailNote","editType":"default","dialogWidth":500,"dialogHeight":400,"enableWordCount":false,"countType":"surplus","onlyShowInDialog":false,"enableAppend":false,"inputAppendType":"button","inputAppendDisabled":false},"draggable":false,"frozen":"none","sortable":true,"sortOrder":null,"resizeable":true,"aggregate":{"type":"none","formatter":{"type":"none"}},"groupAggregate":{"type":"none","formatter":{"type":"none"}},"styler":"","colTemplate":"","linkedLabelEnabled":false,"linkedLabelClick":null,"textAlign":"left","hAlign":"left","vAlign":"middle","formatter":{"type":"none"},"showTips":false,"tipContent":null,"multiLanguage":false,"enableFilter":false,"headerStyler":"","localization":false,"path":"billDetailNote","readonly":false,"idField":"value","textField":"name","visible":true,"allowGrouping":true,"tipMode":"auto","localizationType":"Date"},{"id":"invoiceNO_36484678_u7ss","type":"GridField","controlSource":"Farris","caption":"发票号码","captionTemplate":null,"dataField":"invoiceNO","dataType":"string","binding":{"type":"Form","path":"invoiceNO","field":"36484678-05cc-49da-9864-c3337d93ae0f"},"enumData":null,"appearance":null,"size":{"width":120},"displayTemplate":null,"editor":{"id":"invoiceNO_36484678_4936","type":"TextBox","titleSourceType":"static","title":"文本","appearance":null,"size":null,"binding":{"type":"Form","path":"invoiceNO","field":"36484678-05cc-49da-9864-c3337d93ae0f"},"readonly":false,"require":false,"disable":false,"placeHolder":"","format":null,"validation":null,"value":null,"maxLength":36,"linkedLabelEnabled":false,"linkedLabelClick":null,"visible":true,"holdPlace":false,"isTextArea":true,"isPassword":false,"tabindex":-1,"hasDefaultFocus":false,"focusState":null,"titleWidth":null,"enableTips":true,"path":"invoiceNO","enableAppend":false,"inputAppendType":"button","inputAppendDisabled":false},"draggable":false,"frozen":"none","sortable":true,"sortOrder":null,"resizeable":true,"aggregate":{"type":"none","formatter":{"type":"none"}},"groupAggregate":{"type":"none","formatter":{"type":"none"}},"styler":"","colTemplate":"","linkedLabelEnabled":false,"linkedLabelClick":null,"textAlign":"left","hAlign":"left","vAlign":"middle","formatter":{"type":"none"},"showTips":false,"tipContent":null,"multiLanguage":false,"enableFilter":false,"headerStyler":"","localization":false,"path":"invoiceNO","readonly":false,"idField":"value","textField":"name","visible":true,"allowGrouping":true,"tipMode":"auto","localizationType":"Date"}],"appearance":{"class":"f-component-grid f-utils-fill"},"size":null,"disable":false,"focusedItem":null,"focusedIndex":null,"pagination":true,"lockPagination":"viewModel.stateMachine&&viewModel.stateMachine['editable']","showPageList":false,"identifyField":null,"multiSelect":false,"showCheckbox":false,"showAllCheckbox":false,"checkOnSelect":false,"selectOnCheck":false,"selectable":null,"itemTemplate":null,"toolBar":null,"summary":null,"groupable":false,"group":null,"showGroupColumn":true,"groupFormatter":null,"groupStyler":null,"groupFooter":false,"editable":"viewModel.stateMachine['editable']","fieldEditable":true,"fitColumns":false,"autoFitColumns":false,"multiSort":false,"showBorder":false,"striped":true,"onSelectionChange":"","styler":"","showLineNumber":false,"filterable":false,"appendRow":"bxmxAddItem1","pageChange":null,"disableRow":null,"beforeSelect":null,"beforeUnSelect":null,"beforeCheck":null,"beforeUnCheck":null,"dblClickRow":null,"virtualized":false,"showFooter":false,"footerTemplate":"","footerDataFrom":"client","footerDataCommand":null,"footerHeight":29,"enableFilterRow":false,"remoteFilter":false,"showFilterBar":false,"useControlPanel":false,"autoHeight":false,"rowClick":null,"showSelectedList":false,"selectedItemFormatter":null,"lineNumberWidth":36,"enableMorePageSelect":false,"headerWrap":false,"emptyTemplate":null,"emptyDataHeight":240,"rowHeight":30,"showPageSize":false,"fixedColumns":[],"enableCommandColumn":false,"onEditClicked":"","onDeleteClicked":"","commandColumnWidth":120,"checkedChange":null,"filterType":"none","enableSmartFilter":false,"lineNumberTitle":"","enableHighlightCell":false,"enableEditCellStyle":false,"showRowGroupPanel":false,"enableDragColumn":false,"groupSummaryPosition":"groupFooterRow","clearSelectionsWhenDataIsEmpty":true,"keepSelect":true,"enableEditByCard":"none","pageSizeChanged":null,"visible":true,"showGotoInput":false,"scrollBarShowMode":"auto","showScrollArrow":false,"footerPosition":"bottom","selectOnEditing":false,"selectionMode":"default","enableContextMenu":false,"disableGroupOnEditing":true,"enableSimpleMode":false,"beforeEdit":null,"nowrap":true,"mergeCell":false,"remoteSort":false,"columnSorted":null,"enableHeaderGroup":false,"headerGroup":null,"AutoColumnWidthUseDblclick":true,"virtualizedAsyncLoad":false,"scrollYLoad":null,"pagerContentTemplate":null}],"visible":true,"isScrollspyContainer":false}],"componentType":"dataGrid","visible":true,"onInit":null,"afterViewInit":null},{"id":"bxfj-component","type":"Component","viewModel":"bxfj-component-viewmodel","appearance":{"class":"f-struct-is-subgrid"},"contents":[{"id":"bxfj-component-layout","type":"ContentContainer","appearance":{"class":"f-grid-is-sub f-utils-flex-column"},"size":null,"contents":[{"id":"dataGrid_bxfj","type":"DataGrid","controlSource":"Farris","dataSource":"bxfjs","fields":[{"id":"fileInfo_FileName_13b8d5a4_k9t2","type":"GridField","controlSource":"Farris","caption":"附件名称","captionTemplate":null,"dataField":"fileInfo.fileName","dataType":"string","binding":{"type":"Form","path":"fileInfo_FileName","field":"13b8d5a4-1497-4526-86f9-290aab400e0b"},"enumData":null,"appearance":null,"size":{"width":120},"displayTemplate":null,"editor":{"id":"fileInfo_FileName_13b8d5a4_dxhk","type":"TextBox","titleSourceType":"static","title":"文本","appearance":null,"size":null,"binding":{"type":"Form","path":"fileInfo_FileName","field":"13b8d5a4-1497-4526-86f9-290aab400e0b"},"readonly":false,"require":false,"disable":false,"placeHolder":"","format":null,"validation":null,"value":null,"maxLength":128,"linkedLabelEnabled":false,"linkedLabelClick":null,"visible":true,"holdPlace":false,"isTextArea":true,"isPassword":false,"tabindex":-1,"hasDefaultFocus":false,"focusState":null,"titleWidth":null,"enableTips":true,"path":"fileInfo.fileName","enableAppend":false,"inputAppendType":"button","inputAppendDisabled":false},"draggable":false,"frozen":"none","sortable":true,"sortOrder":null,"resizeable":true,"aggregate":{"type":"none","formatter":{"type":"none"}},"groupAggregate":{"type":"none","formatter":{"type":"none"}},"styler":"","colTemplate":"","linkedLabelEnabled":false,"linkedLabelClick":null,"textAlign":"left","hAlign":"left","vAlign":"middle","formatter":{"type":"none"},"showTips":false,"tipContent":null,"multiLanguage":false,"enableFilter":false,"headerStyler":"","localization":false,"path":"fileInfo.fileName","readonly":false,"idField":"value","textField":"name","visible":true,"allowGrouping":true,"tipMode":"auto","localizationType":"Date"},{"id":"fileInfo_FileSize_13b8d5a4_rswt","type":"GridField","controlSource":"Farris","caption":"附件大小","captionTemplate":null,"dataField":"fileInfo.fileSize","dataType":"number","binding":{"type":"Form","path":"fileInfo_FileSize","field":"13b8d5a4-dd56-4cab-a54b-577a65f9eb6e"},"enumData":null,"appearance":null,"size":{"width":120},"displayTemplate":null,"editor":{"id":"fileInfo_FileSize_13b8d5a4_41y8","type":"NumericBox","titleSourceType":"static","title":"数值框","controlSource":"Farris","appearance":null,"size":null,"binding":{"type":"Form","path":"fileInfo_FileSize","field":"13b8d5a4-dd56-4cab-a54b-577a65f9eb6e"},"readonly":false,"require":false,"disable":false,"placeHolder":"","textAlign":"left","precisionSourceType":"static","precision":8,"validation":null,"maxValue":null,"minValue":null,"step":1,"useThousands":true,"formatter":null,"parser":null,"canNull":true,"bigNumber":false,"maxLength":128,"holdPlace":false,"linkedLabelEnabled":false,"linkedLabelClick":null,"visible":true,"isTextArea":true,"tabindex":-1,"hasDefaultFocus":false,"focusState":null,"titleWidth":null,"showZero":true,"showButton":true,"path":"fileInfo.fileSize","localization":false,"enableAppend":false,"inputAppendType":"button","inputAppendDisabled":false},"draggable":false,"frozen":"none","sortable":true,"sortOrder":null,"resizeable":true,"aggregate":{"type":"none","formatter":{"type":"none"}},"groupAggregate":{"type":"none","formatter":{"type":"none"}},"styler":"","colTemplate":"","linkedLabelEnabled":false,"linkedLabelClick":null,"textAlign":"left","hAlign":"left","vAlign":"middle","formatter":{"type":"number","precision":8,"thousand":",","decimal":"."},"showTips":false,"tipContent":null,"multiLanguage":false,"enableFilter":false,"headerStyler":"","localization":false,"path":"fileInfo.fileSize","readonly":false,"idField":"value","textField":"name","visible":true,"allowGrouping":true,"tipMode":"auto"},{"id":"fileInfo_FileCreateTime_13b8d5a4_8how","type":"GridField","controlSource":"Farris","caption":"附件上传时间","captionTemplate":null,"dataField":"fileInfo.fileCreateTime","dataType":"datetime","binding":{"type":"Form","path":"fileInfo_FileCreateTime","field":"13b8d5a4-a1f5-4f6c-9c82-ddb10864c652"},"enumData":null,"appearance":null,"size":{"width":120},"displayTemplate":null,"editor":{"id":"fileInfo_FileCreateTime_13b8d5a4_6d2b","type":"DateBox","titleSourceType":"static","title":"日期选择","controlSource":"Farris","appearance":null,"size":null,"binding":{"type":"Form","path":"fileInfo_FileCreateTime","field":"13b8d5a4-a1f5-4f6c-9c82-ddb10864c652"},"readonly":false,"require":false,"disable":false,"placeHolder":"","validation":null,"value":null,"editable":true,"dateRange":false,"showTime":true,"showType":1,"dateFormat":"yyyy-MM-dd HH:mm:ss","returnFormat":"yyyy-MM-dd HH:mm:ss","maxValue":null,"minValue":null,"disableDates":[],"showWeekNumbers":false,"dateRangeDatesDelimiter":"~","shortcuts":[],"fieldType":"DateTime","useDefault":false,"holdPlace":false,"linkedLabelEnabled":false,"linkedLabelClick":null,"visible":true,"isTextArea":true,"tabindex":-1,"hasDefaultFocus":false,"focusState":null,"titleWidth":null,"localization":false,"path":"fileInfo.fileCreateTime","localizationType":"DateTime","enableAppend":false,"inputAppendType":"button","inputAppendDisabled":false},"draggable":false,"frozen":"none","sortable":true,"sortOrder":null,"resizeable":true,"aggregate":{"type":"none","formatter":{"type":"none"}},"groupAggregate":{"type":"none","formatter":{"type":"none"}},"styler":"","colTemplate":"","linkedLabelEnabled":false,"linkedLabelClick":null,"textAlign":"left","hAlign":"left","vAlign":"middle","formatter":{"type":"date","dateFormat":"yyyy-MM-dd HH:mm:ss"},"showTips":false,"tipContent":null,"multiLanguage":false,"enableFilter":false,"headerStyler":"","localization":false,"path":"fileInfo.fileCreateTime","localizationType":"DateTime","readonly":false,"idField":"value","textField":"name","visible":true,"allowGrouping":true,"tipMode":"auto"}],"appearance":{"class":"f-component-grid f-utils-fill"},"size":null,"disable":false,"focusedItem":null,"focusedIndex":null,"pagination":true,"lockPagination":"viewModel.stateMachine&&viewModel.stateMachine['editable']","showPageList":false,"identifyField":null,"multiSelect":false,"showCheckbox":false,"showAllCheckbox":false,"checkOnSelect":false,"selectOnCheck":false,"selectable":null,"itemTemplate":null,"toolBar":null,"summary":null,"groupable":false,"group":null,"showGroupColumn":true,"groupFormatter":null,"groupStyler":null,"groupFooter":false,"editable":"viewModel.stateMachine['editable']","fieldEditable":true,"fitColumns":false,"autoFitColumns":false,"multiSort":false,"showBorder":false,"striped":true,"onSelectionChange":"","styler":"","showLineNumber":false,"filterable":false,"appendRow":"bxfjAddItem1","pageChange":null,"disableRow":null,"beforeSelect":null,"beforeUnSelect":null,"beforeCheck":null,"beforeUnCheck":null,"dblClickRow":null,"virtualized":false,"showFooter":false,"footerTemplate":"","footerDataFrom":"client","footerDataCommand":null,"footerHeight":29,"enableFilterRow":false,"remoteFilter":false,"showFilterBar":false,"useControlPanel":false,"autoHeight":false,"rowClick":null,"showSelectedList":false,"selectedItemFormatter":null,"lineNumberWidth":36,"enableMorePageSelect":false,"headerWrap":false,"emptyTemplate":null,"emptyDataHeight":240,"rowHeight":30,"showPageSize":false,"fixedColumns":[],"enableCommandColumn":false,"onEditClicked":"","onDeleteClicked":"","commandColumnWidth":120,"checkedChange":null,"filterType":"none","enableSmartFilter":false,"lineNumberTitle":"","enableHighlightCell":false,"enableEditCellStyle":false,"showRowGroupPanel":false,"enableDragColumn":false,"groupSummaryPosition":"groupFooterRow","clearSelectionsWhenDataIsEmpty":true,"keepSelect":true,"enableEditByCard":"none","pageSizeChanged":null,"visible":true,"showGotoInput":false,"scrollBarShowMode":"auto","showScrollArrow":false,"footerPosition":"bottom","selectOnEditing":false,"selectionMode":"default","enableContextMenu":false,"disableGroupOnEditing":true,"enableSimpleMode":false,"beforeEdit":null,"nowrap":true,"mergeCell":false,"remoteSort":false,"columnSorted":null,"enableHeaderGroup":false,"headerGroup":null,"AutoColumnWidthUseDblclick":true,"virtualizedAsyncLoad":false,"scrollYLoad":null,"pagerContentTemplate":null}],"visible":true,"isScrollspyContainer":false}],"componentType":"dataGrid","visible":true,"onInit":null,"afterViewInit":null}],"webcmds":[{"id":"8172a979-2c80-4637-ace7-b13074d3f393","path":"/projects/packages/Inspur.GS.Gsp.Web.WebCmp/webcmd","name":"CardController.webcmd","refedHandlers":[{"host":"e05264fb-796d-43fb-b83b-9e2f3866c328","handler":"Load"},{"host":"246a275c-88c9-4c8a-aa82-be6a950a4325","handler":"LoadAndAdd"},{"host":"70acc053-fa15-45be-851c-cf694e1bcaf7","handler":"LoadAndView"},{"host":"3e72ee6f-8f7b-4f29-aa0e-5887f2861117","handler":"LoadAndEdit"},{"host":"f90aadfa-988c-4da5-a5db-1416c3333794","handler":"Add"},{"host":"a323e27b-b9c6-4848-93b9-f117403a94ff","handler":"Edit"},{"host":"31b814db-01e4-407d-8fad-0f08dbb01999","handler":"Save"},{"host":"4f5ed2ec-8def-4a3c-8e7b-397ea93010e8","handler":"Cancel"},{"host":"c8504c24-33e8-487a-91ce-2218b803fe01","handler":"ChangeItem"},{"host":"4a0cfb1a-1262-41a2-aeb9-c8edd5c09683","handler":"ChangeItem"},{"host":"3ff27239-f174-44cd-8494-f7baebdaf2e2","handler":"AddItem"},{"host":"e5aaa73a-db5d-444a-8d0c-b7b7784a57ac","handler":"RemoveItem"},{"host":"909aa54f-01f5-4c4b-9e59-16c515ec5b54","handler":"AddItem"},{"host":"ba62d299-cd50-4d39-b77b-da79d75cb236","handler":"RemoveItem"}]},{"id":"a7cb7d01-9df1-4a32-8202-99c9d0f4c339","path":null,"name":"ApproveController.webcmd","refedHandlers":[{"host":"0d34f338-b601-4716-8530-493b0752483b","handler":"submitWithBizDefKey"},{"host":"e492063e-a22d-4f23-8aed-7fe139843220","handler":"cancelSubmitWithDataId"}]}],"serviceRefs":[],"projectName":"bo-robxd-front","showType":"page","toolbar":{"items":{},"configs":{}},"expressions":[{"fieldId":"09c990b5-036e-4c9d-8b16-a9c5c51e17dd","expression":[{"id":"09c990b5-036e-4c9d-8b16-a9c5c51e17dd_compute","type":"compute","value":"{\"expr\":\"DefaultFunction.SumByProp(\\\"ROBXD.bxmxs[0]\\\",\\\"billDetailAmount\\\")\",\"sexpr\":\"\"}"}]}],"metadataId":"1b6c0e2a-233c-4162-8734-35d9eb5cb2fc","actions":[{"sourceComponent":{"id":"button-add","viewModelId":"root-viewmodel","map":[{"event":{"label":"click","name":"点击事件"},"targetComponent":{"id":"root-component","viewModelId":"root-viewmodel"},"command":{"id":"f90aadfa-988c-4da5-a5db-1416c3333794","label":"Add1","name":"新增数据","handlerName":"Add","params":[{"name":"transitionAction","shownName":"状态迁移动作","value":"Create","description":null}],"cmpId":"8172a979-2c80-4637-ace7-b13074d3f393"},"controller":{"id":"8172a979-2c80-4637-ace7-b13074d3f393","label":"CardController","name":"卡片控制器"}}]}},{"sourceComponent":{"id":"button-edit","viewModelId":"root-viewmodel","map":[{"event":{"label":"click","name":"点击事件"},"targetComponent":{"id":"root-component","viewModelId":"root-viewmodel"},"command":{"id":"a323e27b-b9c6-4848-93b9-f117403a94ff","label":"Edit1","name":"编辑数据","handlerName":"Edit","params":[{"name":"transitionAction","shownName":"状态迁移动作","value":"Edit","description":null}],"cmpId":"8172a979-2c80-4637-ace7-b13074d3f393"},"controller":{"id":"8172a979-2c80-4637-ace7-b13074d3f393","label":"CardController","name":"卡片控制器"}}]}},{"sourceComponent":{"id":"button-save","viewModelId":"root-viewmodel","map":[{"event":{"label":"click","name":"点击事件"},"targetComponent":{"id":"root-component","viewModelId":"root-viewmodel"},"command":{"id":"31b814db-01e4-407d-8fad-0f08dbb01999","label":"Save1","name":"保存数据","handlerName":"Save","params":[{"name":"transitionAction","shownName":"状态迁移动作","value":"Cancel","description":null}],"cmpId":"8172a979-2c80-4637-ace7-b13074d3f393"},"controller":{"id":"8172a979-2c80-4637-ace7-b13074d3f393","label":"CardController","name":"卡片控制器"}}]}},{"sourceComponent":{"id":"button-cancel","viewModelId":"root-viewmodel","map":[{"event":{"label":"click","name":"点击事件"},"targetComponent":{"id":"root-component","viewModelId":"root-viewmodel"},"command":{"id":"4f5ed2ec-8def-4a3c-8e7b-397ea93010e8","label":"Cancel1","name":"取消变更","handlerName":"Cancel","params":[{"name":"transitionAction","shownName":"状态迁移动作","value":"Cancel","description":null}],"cmpId":"8172a979-2c80-4637-ace7-b13074d3f393"},"controller":{"id":"8172a979-2c80-4637-ace7-b13074d3f393","label":"CardController","name":"卡片控制器"}}]}},{"sourceComponent":{"id":"button-approve","viewModelId":"root-viewmodel","map":[{"event":{"label":"click","name":"点击事件"},"targetComponent":{"id":"root-component","viewModelId":"root-viewmodel"},"command":{"id":"0d34f338-b601-4716-8530-493b0752483b","label":"submitWithBizDefKey1","name":"提交审批","handlerName":"submitWithBizDefKey","params":[{"name":"dataId","shownName":"单据id","value":"{DATA~/basic-form-component/id}","description":"数据id"},{"name":"bizDefKey","shownName":"入口单据id","value":"","description":"入口单据id"},{"name":"action","shownName":"迁移动作（可选）","value":"","description":"迁移动作"}],"cmpId":"a7cb7d01-9df1-4a32-8202-99c9d0f4c339"},"controller":{"id":"a7cb7d01-9df1-4a32-8202-99c9d0f4c339","label":"ApproveController","name":"审批控制器"}}]}},{"sourceComponent":{"id":"button-cancel-approve","viewModelId":"root-viewmodel","map":[{"event":{"label":"click","name":"点击事件"},"targetComponent":{"id":"root-component","viewModelId":"root-viewmodel"},"command":{"id":"e492063e-a22d-4f23-8aed-7fe139843220","label":"cancelSubmitWithDataId1","name":"取消提交","handlerName":"cancelSubmitWithDataId","params":[{"name":"dataId","shownName":"单据id","value":"{DATA~/basic-form-component/id}","description":"数据id"},{"name":"bizDefKey","shownName":"入口单据id","value":"","description":"入口单据id"},{"name":"action","shownName":"迁移动作（可选）","value":"","description":"迁移动作"}],"cmpId":"a7cb7d01-9df1-4a32-8202-99c9d0f4c339"},"controller":{"id":"a7cb7d01-9df1-4a32-8202-99c9d0f4c339","label":"ApproveController","name":"审批控制器"}}]}},{"sourceComponent":{"id":"bxmxAddButton","viewModelId":"bxmx-component-viewmodel","map":[{"event":{"label":"click","name":"点击事件"},"targetComponent":{"id":"bxmx-component","viewModelId":"bxmx-component-viewmodel"},"command":{"id":"3ff27239-f174-44cd-8494-f7baebdaf2e2","label":"bxmxAddItem1","name":"增加一条子表数据","handlerName":"AddItem","params":[],"cmpId":"8172a979-2c80-4637-ace7-b13074d3f393"},"controller":{"id":"8172a979-2c80-4637-ace7-b13074d3f393","label":"CardController","name":"卡片控制器"}}]}},{"sourceComponent":{"id":"bxmxRemoveButton","viewModelId":"bxmx-component-viewmodel","map":[{"event":{"label":"click","name":"点击事件"},"targetComponent":{"id":"bxmx-component","viewModelId":"bxmx-component-viewmodel"},"command":{"id":"e5aaa73a-db5d-444a-8d0c-b7b7784a57ac","label":"bxmxRemoveItem1","name":"删除一条子表数据","handlerName":"RemoveItem","params":[{"name":"id","shownName":"待删除子表数据的标识","value":"{DATA~/#{bxmx-component}/bxmxs/id}"}],"cmpId":"8172a979-2c80-4637-ace7-b13074d3f393"},"controller":{"id":"8172a979-2c80-4637-ace7-b13074d3f393","label":"CardController","name":"卡片控制器"}}]}},{"sourceComponent":{"id":"bxfjAddButton","viewModelId":"bxfj-component-viewmodel","map":[{"event":{"label":"click","name":"点击事件"},"targetComponent":{"id":"bxfj-component","viewModelId":"bxfj-component-viewmodel"},"command":{"id":"909aa54f-01f5-4c4b-9e59-16c515ec5b54","label":"bxfjAddItem1","name":"增加一条子表数据","handlerName":"AddItem","params":[],"cmpId":"8172a979-2c80-4637-ace7-b13074d3f393"},"controller":{"id":"8172a979-2c80-4637-ace7-b13074d3f393","label":"CardController","name":"卡片控制器"}}]}},{"sourceComponent":{"id":"bxfjRemoveButton","viewModelId":"bxfj-component-viewmodel","map":[{"event":{"label":"click","name":"点击事件"},"targetComponent":{"id":"bxfj-component","viewModelId":"bxfj-component-viewmodel"},"command":{"id":"ba62d299-cd50-4d39-b77b-da79d75cb236","label":"bxfjRemoveItem1","name":"删除一条子表数据","handlerName":"RemoveItem","params":[{"name":"id","shownName":"待删除子表数据的标识","value":"{DATA~/#{bxfj-component}/bxfjs/id}"}],"cmpId":"8172a979-2c80-4637-ace7-b13074d3f393"},"controller":{"id":"8172a979-2c80-4637-ace7-b13074d3f393","label":"CardController","name":"卡片控制器"}}]}},{"sourceComponent":{"id":"root-component","viewModelId":"root-viewmodel","map":[{"event":{"label":"onInit","name":"初始化事件"},"targetComponent":{"id":"root-component","viewModelId":"root-viewmodel"},"command":{"id":"e05264fb-796d-43fb-b83b-9e2f3866c328","label":"Load1","name":"加载","handlerName":"Load","params":[{"name":"action","shownName":"初始动作","value":"{UISTATE~/root-component/action}","description":null}],"cmpId":"8172a979-2c80-4637-ace7-b13074d3f393"},"controller":{"id":"8172a979-2c80-4637-ace7-b13074d3f393","label":"CardController","name":"卡片控制器"}}]}},{"sourceComponent":{"id":"dataGrid_bxmx","viewModelId":"bxmx-component-viewmodel","map":[{"event":{"label":"appendRow","name":"回车新增行事件"},"targetComponent":{"id":"bxmx-component","viewModelId":"bxmx-component-viewmodel"},"command":{"id":"3ff27239-f174-44cd-8494-f7baebdaf2e2","label":"bxmxAddItem1","name":"增加一条子表数据","handlerName":"AddItem","params":[],"cmpId":"8172a979-2c80-4637-ace7-b13074d3f393"},"controller":{"id":"8172a979-2c80-4637-ace7-b13074d3f393","label":"CardController","name":"卡片控制器"}}]}},{"sourceComponent":{"id":"dataGrid_bxfj","viewModelId":"bxfj-component-viewmodel","map":[{"event":{"label":"appendRow","name":"回车新增行事件"},"targetComponent":{"id":"bxfj-component","viewModelId":"bxfj-component-viewmodel"},"command":{"id":"909aa54f-01f5-4c4b-9e59-16c515ec5b54","label":"bxfjAddItem1","name":"增加一条子表数据","handlerName":"AddItem","params":[],"cmpId":"8172a979-2c80-4637-ace7-b13074d3f393"},"controller":{"id":"8172a979-2c80-4637-ace7-b13074d3f393","label":"CardController","name":"卡片控制器"}}]}}]},"options":{"enableTextArea":true,"renderMode":"compile"}}