{"module":{"id":"ROBXDZD","code":"ROBXDZD","name":"报销单制单","caption":"报销单制单","type":"Module","creator":"admin","creationDate":"2023-05-04T03:56:56.534Z","updateVersion":"191104","showTitle":true,"bootstrap":"list-template","templateId":"list-template","schemas":[{"name":"报销单制单_frm","id":"9c9bd89d-60c2-4a23-8d6d-d3992842a533","sourceUri":"api/fssp/fssc/v1.0/ROBXDZD_frm","variables":[],"entities":[{"name":"报销单","id":"3b8e3c59-557d-44d4-b6c3-11e5e1adb054","type":{"$type":"EntityType","fields":[{"$type":"SimpleField","refElementId":null,"defaultValue":"","editor":{"$type":"TextBox"},"readonly":false,"require":true,"multiLanguage":false,"name":"主键","id":"e104b547-b928-479b-b8d6-32103038b27e","type":{"$type":"StringType","length":36,"name":"String","displayName":"字符串"},"path":"ID","bindingField":"id","bindingPath":"id","code":"ID","label":"id","originalId":"e104b547-b928-479b-b8d6-32103038b27e"},{"$type":"SimpleField","refElementId":null,"defaultValue":"","editor":{"$type":"DateBox","format":"'yyyy-MM-dd'"},"readonly":false,"require":false,"multiLanguage":false,"name":"版本","id":"a2d79bb4-33e8-4c94-a642-b42291dc53f8","type":{"$type":"DateTimeType","name":"DateTime","displayName":"日期时间"},"path":"Version","bindingField":"version","bindingPath":"version","code":"Version","label":"version","originalId":"a2d79bb4-33e8-4c94-a642-b42291dc53f8"},{"$type":"ComplexField","name":"状态","id":"18da9be6-d84d-4454-819d-740c59fca7c1","type":{"$type":"ObjectType","name":"BillState18da","fields":[{"$type":"SimpleField","refElementId":null,"defaultValue":"","editor":{"$type":"EnumField"},"readonly":false,"require":false,"multiLanguage":false,"name":"状态","id":"18da9be6-0101-468f-ae3f-40c76c0f06b0","type":{"$type":"EnumType","name":"Enum","displayName":"枚举","enumValues":[{"name":"制单","value":"Billing"},{"name":"提交审批","value":"SubmitApproval"},{"name":"审批通过","value":"Approved"},{"name":"审批不通过","value":"ApprovalNotPassed"}],"valueType":{"$type":"StringType","length":36,"name":"String","displayName":"字符串"}},"path":"BillStatus.BillState","bindingField":"billStatus_BillState","bindingPath":"billStatus.billState","code":"BillState","label":"billState","originalId":"a0b19650-0101-468f-ae3f-40c76c0f06b0"}],"displayName":"状态"},"path":"BillStatus","bindingField":"billStatus","bindingPath":"billStatus","code":"BillStatus","label":"billStatus","originalId":"18da9be6-d84d-4454-819d-740c59fca7c1"},{"$type":"ComplexField","name":"流程实例","id":"d4e7a020-46ef-4047-8b68-5b257c6037bc","type":{"$type":"ObjectType","name":"ProcessInstanceD4e7","fields":[{"$type":"SimpleField","refElementId":null,"defaultValue":"","editor":{"$type":"TextBox"},"readonly":false,"require":false,"multiLanguage":false,"name":"流程实例","id":"d4e7a020-ad8f-4da3-a430-c8a7f2162135","type":{"$type":"StringType","length":36,"name":"String","displayName":"字符串"},"path":"ProcessInstance.ProcessInstance","bindingField":"processInstance_ProcessInstance","bindingPath":"processInstance.processInstance","code":"ProcessInstance","label":"processInstance","originalId":"2e1beb7d-ad8f-4da3-a430-c8a7f2162135"}],"displayName":"流程实例"},"path":"ProcessInstance","bindingField":"processInstance","bindingPath":"processInstance","code":"ProcessInstance","label":"processInstance","originalId":"d4e7a020-46ef-4047-8b68-5b257c6037bc"},{"$type":"ComplexField","name":"报销人员","id":"3d77b8f4-7aee-4309-9f63-f40de72325a4","type":{"$type":"EntityType","fields":[{"$type":"SimpleField","refElementId":null,"defaultValue":"","editor":{"$type":"TextBox"},"readonly":false,"require":false,"multiLanguage":false,"name":"报销人员","id":"9392bb51-207b-4ff4-a725-2e2024f219e9","type":{"$type":"StringType","length":36,"name":"String","displayName":"字符串"},"path":"EmployeeID.EmployeeID","bindingField":"employeeID","bindingPath":"employeeID.employeeID","code":"EmployeeID","label":"employeeID","originalId":"9392bb51-207b-4ff4-a725-2e2024f219e9"},{"$type":"SimpleField","refElementId":"9d25e0d7-0fb7-435f-a2de-438d371b97e4","defaultValue":"","editor":{"$type":"TextBox"},"readonly":false,"require":false,"multiLanguage":false,"name":"编号","id":"00b3674c-8c79-4379-9be6-0ad49b613221","type":{"$type":"StringType","length":36,"name":"String","displayName":"字符串"},"path":"EmployeeID.EmployeeID_Code","bindingField":"employeeID_EmployeeID_Code","bindingPath":"employeeID.employeeID_Code","code":"Code","label":"employeeID_Code","originalId":"00b3674c-8c79-4379-9be6-0ad49b613221"},{"$type":"SimpleField","refElementId":"94fd1572-613c-4973-bf79-12e33c16a9ec","defaultValue":"","editor":{"$type":"TextBox"},"readonly":false,"require":false,"multiLanguage":false,"name":"名称","id":"92cf4bc8-89b6-4a14-8240-210c2ee337ae","type":{"$type":"StringType","length":36,"name":"String","displayName":"字符串"},"path":"EmployeeID.EmployeeID_Name","bindingField":"employeeID_EmployeeID_Name","bindingPath":"employeeID.employeeID_Name","code":"Name","label":"employeeID_Name","originalId":"92cf4bc8-89b6-4a14-8240-210c2ee337ae"}],"entities":[],"primary":"employeeID","name":"GspUser9392","displayName":"用户"},"path":"EmployeeID","bindingField":"employeeID","bindingPath":"employeeID","code":"EmployeeID","label":"employeeID","originalId":"3d77b8f4-7aee-4309-9f63-f40de72325a4"},{"$type":"ComplexField","name":"所属部门","id":"18619c36-d9d7-4c15-bcf8-58b1479f9057","type":{"$type":"EntityType","fields":[{"$type":"SimpleField","refElementId":null,"defaultValue":"","editor":{"$type":"TextBox"},"readonly":false,"require":false,"multiLanguage":false,"name":"所属部门","id":"22000bf3-c665-4ccb-99a7-f0cce4d07246","type":{"$type":"StringType","length":36,"name":"String","displayName":"字符串"},"path":"DomainID.DomainID","bindingField":"domainID","bindingPath":"domainID.domainID","code":"DomainID","label":"domainID","originalId":"22000bf3-c665-4ccb-99a7-f0cce4d07246"},{"$type":"SimpleField","refElementId":"9834de85-fbd9-4f84-b31d-f97bb05b43e5","defaultValue":"","editor":{"$type":"TextBox"},"readonly":false,"require":false,"multiLanguage":false,"name":"编号","id":"f48640a5-5cfc-4a54-bc3e-4bef142720e1","type":{"$type":"StringType","length":100,"name":"String","displayName":"字符串"},"path":"DomainID.DomainID_code","bindingField":"domainID_DomainID_code","bindingPath":"domainID.domainID_code","code":"code","label":"domainID_code","originalId":"f48640a5-5cfc-4a54-bc3e-4bef142720e1"},{"$type":"SimpleField","refElementId":"a824ff6d-b08f-4b5c-b707-997d56760fb4","defaultValue":"","editor":{"$type":"TextBox"},"readonly":false,"require":false,"multiLanguage":false,"name":"名称","id":"07bc3b93-622d-4cfc-86b8-baa543488a6f","type":{"$type":"StringType","length":100,"name":"String","displayName":"字符串"},"path":"DomainID.DomainID_name","bindingField":"domainID_DomainID_name","bindingPath":"domainID.domainID_name","code":"name","label":"domainID_name","originalId":"07bc3b93-622d-4cfc-86b8-baa543488a6f"}],"entities":[],"primary":"domainID","name":"SysOrg2200","displayName":"系统组织"},"path":"DomainID","bindingField":"domainID","bindingPath":"domainID","code":"DomainID","label":"domainID","originalId":"18619c36-d9d7-4c15-bcf8-58b1479f9057"},{"$type":"SimpleField","refElementId":null,"defaultValue":"","editor":{"$type":"TextBox"},"readonly":false,"require":false,"multiLanguage":false,"name":"单据编号","id":"3925b61c-15df-4067-9e23-1b1e967a1a4d","type":{"$type":"StringType","length":36,"name":"String","displayName":"字符串"},"path":"BillCode","bindingField":"billCode","bindingPath":"billCode","code":"BillCode","label":"billCode","originalId":"3925b61c-15df-4067-9e23-1b1e967a1a4d"},{"$type":"SimpleField","refElementId":null,"defaultValue":"","editor":{"$type":"NumericBox"},"readonly":false,"require":false,"multiLanguage":false,"name":"报账金额","id":"d0e31067-2d62-4ad1-8e2f-0b4bf4575a6a","type":{"$type":"NumericType","length":18,"name":"Number","displayName":"数字","precision":2},"path":"TotalSum","bindingField":"totalSum","bindingPath":"totalSum","code":"TotalSum","label":"totalSum","originalId":"d0e31067-2d62-4ad1-8e2f-0b4bf4575a6a"},{"$type":"SimpleField","refElementId":null,"defaultValue":"","editor":{"$type":"EnumField"},"readonly":false,"require":false,"multiLanguage":false,"name":"报销类型","id":"d72718fc-6bc1-4f95-99d0-8afc25b68c8b","type":{"$type":"EnumType","name":"Enum","displayName":"枚举","enumValues":[{"name":"差旅费","value":"CL"},{"name":"交通费","value":"JT"},{"name":"手机费","value":"SJ"}],"valueType":{"$type":"StringType","length":36,"name":"String","displayName":"字符串"}},"path":"BillType","bindingField":"billType","bindingPath":"billType","code":"BillType","label":"billType","originalId":"d72718fc-6bc1-4f95-99d0-8afc25b68c8b"},{"$type":"SimpleField","refElementId":null,"defaultValue":"","editor":{"$type":"DateBox","format":"'yyyy-MM-dd'"},"readonly":false,"require":false,"multiLanguage":false,"name":"制单日期","id":"d661f798-e6f2-4667-a62e-6664182d33c3","type":{"$type":"DateTimeType","name":"DateTime","displayName":"日期时间"},"path":"BillDate","bindingField":"billDate","bindingPath":"billDate","code":"BillDate","label":"billDate","originalId":"d661f798-e6f2-4667-a62e-6664182d33c3"},{"$type":"SimpleField","refElementId":null,"defaultValue":"","editor":{"$type":"TextBox"},"readonly":false,"require":false,"multiLanguage":false,"name":"所属项目","id":"56817a3e-3a14-405b-920b-07db34368c87","type":{"$type":"StringType","length":36,"name":"String","displayName":"字符串"},"path":"ProjectID","bindingField":"projectID","bindingPath":"projectID","code":"ProjectID","label":"projectID","originalId":"56817a3e-3a14-405b-920b-07db34368c87"},{"$type":"SimpleField","refElementId":null,"defaultValue":"","editor":{"$type":"MultiTextBox"},"readonly":false,"require":false,"multiLanguage":false,"name":"报销说明","id":"c7bc4018-4afc-4721-8b26-303cfdc37a77","type":{"$type":"TextType","length":2000,"name":"Text","displayName":"文本"},"path":"BillNote","bindingField":"billNote","bindingPath":"billNote","code":"BillNote","label":"billNote","originalId":"c7bc4018-4afc-4721-8b26-303cfdc37a77"},{"$type":"ComplexField","name":"项目经理","id":"40378854-b151-4ac2-a3d1-9eb9976c6fdb","type":{"$type":"EntityType","fields":[{"$type":"SimpleField","refElementId":null,"defaultValue":"","editor":{"$type":"TextBox"},"readonly":false,"require":false,"multiLanguage":false,"name":"项目经理","id":"b89bba5c-cd69-4519-bb0e-59274ae213a8","type":{"$type":"StringType","length":36,"name":"String","displayName":"字符串"},"path":"ProjectMrg.ProjectMrg","bindingField":"projectMrg","bindingPath":"projectMrg.projectMrg","code":"ProjectMrg","label":"projectMrg","originalId":"b89bba5c-cd69-4519-bb0e-59274ae213a8"},{"$type":"SimpleField","refElementId":"9d25e0d7-0fb7-435f-a2de-438d371b97e4","defaultValue":"","editor":{"$type":"TextBox"},"readonly":false,"require":false,"multiLanguage":false,"name":"编号","id":"1ee4deaa-70aa-439e-9b18-f16af24e2928","type":{"$type":"StringType","length":36,"name":"String","displayName":"字符串"},"path":"ProjectMrg.ProjectMrg_Code","bindingField":"projectMrg_ProjectMrg_Code","bindingPath":"projectMrg.projectMrg_Code","code":"Code","label":"projectMrg_Code","originalId":"1ee4deaa-70aa-439e-9b18-f16af24e2928"},{"$type":"SimpleField","refElementId":"94fd1572-613c-4973-bf79-12e33c16a9ec","defaultValue":"","editor":{"$type":"TextBox"},"readonly":false,"require":false,"multiLanguage":false,"name":"名称","id":"15516310-93fc-4298-b056-5b85f95ce210","type":{"$type":"StringType","length":36,"name":"String","displayName":"字符串"},"path":"ProjectMrg.ProjectMrg_Name","bindingField":"projectMrg_ProjectMrg_Name","bindingPath":"projectMrg.projectMrg_Name","code":"Name","label":"projectMrg_Name","originalId":"15516310-93fc-4298-b056-5b85f95ce210"}],"entities":[],"primary":"projectMrg","name":"GspUserB89B","displayName":"用户"},"path":"ProjectMrg","bindingField":"projectMrg","bindingPath":"projectMrg","code":"ProjectMrg","label":"projectMrg","originalId":"40378854-b151-4ac2-a3d1-9eb9976c6fdb"},{"$type":"SimpleField","refElementId":null,"defaultValue":"","editor":{"$type":"EnumField"},"readonly":false,"require":false,"multiLanguage":false,"name":"稽核状态","id":"bb2ab5e5-02c5-4c16-82f2-f8bc35037dbf","type":{"$type":"EnumType","name":"Enum","displayName":"枚举","enumValues":[{"name":"未稽核","value":"None"},{"name":"稽核通过","value":"Passed"},{"name":"稽核不通过","value":"Reject"}],"valueType":{"$type":"StringType","length":36,"name":"String","displayName":"字符串"}},"path":"AuditStatus","bindingField":"auditStatus","bindingPath":"auditStatus","code":"AuditStatus","label":"auditStatus","originalId":"bb2ab5e5-02c5-4c16-82f2-f8bc35037dbf"}],"entities":[{"name":"报销明细","id":"0676622d-c7c3-4753-96aa-81115dda69a1","type":{"$type":"EntityType","fields":[{"$type":"SimpleField","refElementId":null,"defaultValue":"","editor":{"$type":"TextBox"},"readonly":false,"require":true,"multiLanguage":false,"name":"主键","id":"3a56290c-78a3-4039-87e1-2ef375a86ac9","type":{"$type":"StringType","length":36,"name":"String","displayName":"字符串"},"path":"ID","bindingField":"id","bindingPath":"id","code":"ID","label":"id","originalId":"3a56290c-78a3-4039-87e1-2ef375a86ac9"},{"$type":"SimpleField","refElementId":null,"defaultValue":"","editor":{"$type":"TextBox"},"readonly":false,"require":true,"multiLanguage":false,"name":"上级对象主键","id":"b2d83547-7d65-4bea-9092-60f68e2aa069","type":{"$type":"StringType","length":36,"name":"String","displayName":"字符串"},"path":"ParentID","bindingField":"parentID","bindingPath":"parentID","code":"ParentID","label":"parentID","originalId":"b2d83547-7d65-4bea-9092-60f68e2aa069"},{"$type":"SimpleField","refElementId":null,"defaultValue":"","editor":{"$type":"DateBox","format":"'yyyy-MM-dd'"},"readonly":false,"require":false,"multiLanguage":false,"name":"费用日期","id":"03ca11b6-4af2-4ae8-9e67-72f90665fa8b","type":{"$type":"DateTimeType","name":"DateTime","displayName":"日期时间"},"path":"BillDetailDate","bindingField":"billDetailDate","bindingPath":"billDetailDate","code":"BillDetailDate","label":"billDetailDate","originalId":"03ca11b6-4af2-4ae8-9e67-72f90665fa8b"},{"$type":"SimpleField","refElementId":null,"defaultValue":"","editor":{"$type":"NumericBox"},"readonly":false,"require":false,"multiLanguage":false,"name":"报销金额","id":"08121cd6-49a8-4643-8401-963017c13411","type":{"$type":"NumericType","length":18,"name":"Number","displayName":"数字","precision":2},"path":"BillDetailAmount","bindingField":"billDetailAmount","bindingPath":"billDetailAmount","code":"BillDetailAmount","label":"billDetailAmount","originalId":"08121cd6-49a8-4643-8401-963017c13411"},{"$type":"SimpleField","refElementId":null,"defaultValue":"","editor":{"$type":"MultiTextBox"},"readonly":false,"require":false,"multiLanguage":false,"name":"费用说明","id":"4ad36c86-6ad9-4797-94b9-186bd9b7c19d","type":{"$type":"TextType","length":0,"name":"Text","displayName":"文本"},"path":"BillDetailNote","bindingField":"billDetailNote","bindingPath":"billDetailNote","code":"BillDetailNote","label":"billDetailNote","originalId":"4ad36c86-6ad9-4797-94b9-186bd9b7c19d"},{"$type":"SimpleField","refElementId":null,"defaultValue":"","editor":{"$type":"TextBox"},"readonly":false,"require":false,"multiLanguage":false,"name":"发票号码","id":"02ce7f64-9013-4fdd-8603-b42f85fea8ac","type":{"$type":"StringType","length":36,"name":"String","displayName":"字符串"},"path":"InvoiceNO","bindingField":"invoiceNO","bindingPath":"invoiceNO","code":"InvoiceNO","label":"invoiceNO","originalId":"02ce7f64-9013-4fdd-8603-b42f85fea8ac"}],"entities":[],"primary":"id","name":"BXMX","displayName":"报销明细"},"code":"BXMX","label":"bxmxs"},{"name":"报销附件","id":"923a5865-2292-44c7-9b00-003e6fef68a8","type":{"$type":"EntityType","fields":[{"$type":"SimpleField","refElementId":null,"defaultValue":"","editor":{"$type":"TextBox"},"readonly":false,"require":true,"multiLanguage":false,"name":"主键","id":"226f5cd2-b249-4617-8e2f-bd808aa30c30","type":{"$type":"StringType","length":36,"name":"String","displayName":"字符串"},"path":"ID","bindingField":"id","bindingPath":"id","code":"ID","label":"id","originalId":"226f5cd2-b249-4617-8e2f-bd808aa30c30"},{"$type":"SimpleField","refElementId":null,"defaultValue":"","editor":{"$type":"TextBox"},"readonly":false,"require":true,"multiLanguage":false,"name":"上级对象主键","id":"9d3405f8-ab41-4a75-a762-fbf54a9fc73e","type":{"$type":"StringType","length":36,"name":"String","displayName":"字符串"},"path":"ParentID","bindingField":"parentID","bindingPath":"parentID","code":"ParentID","label":"parentID","originalId":"9d3405f8-ab41-4a75-a762-fbf54a9fc73e"},{"$type":"ComplexField","name":"附件信息","id":"73ed0709-fdbf-4542-bc72-ed7c026bf9f7","type":{"$type":"ObjectType","name":"AttachmentInfo73ed","fields":[{"$type":"SimpleField","refElementId":"","defaultValue":"","editor":{"$type":"TextBox"},"readonly":false,"require":false,"multiLanguage":false,"name":"附件Id","id":"73ed0709-4fd6-49ff-a18a-f466a068f905","type":{"$type":"StringType","length":36,"name":"String","displayName":"字符串"},"path":"FileInfo.AttachmentId","bindingField":"fileInfo_AttachmentId","bindingPath":"fileInfo.attachmentId","code":"AttachmentId","label":"attachmentId","originalId":"ff73a947-4fd6-49ff-a18a-f466a068f905"},{"$type":"SimpleField","refElementId":"","defaultValue":"","editor":{"$type":"TextBox"},"readonly":false,"require":false,"multiLanguage":false,"name":"附件名称","id":"73ed0709-1497-4526-86f9-290aab400e0b","type":{"$type":"StringType","length":128,"name":"String","displayName":"字符串"},"path":"FileInfo.FileName","bindingField":"fileInfo_FileName","bindingPath":"fileInfo.fileName","code":"FileName","label":"fileName","originalId":"026b07a9-1497-4526-86f9-290aab400e0b"},{"$type":"SimpleField","refElementId":"","defaultValue":"","editor":{"$type":"NumericBox"},"readonly":false,"require":false,"multiLanguage":false,"name":"附件大小","id":"73ed0709-dd56-4cab-a54b-577a65f9eb6e","type":{"$type":"NumericType","length":128,"name":"Number","displayName":"数字","precision":8},"path":"FileInfo.FileSize","bindingField":"fileInfo_FileSize","bindingPath":"fileInfo.fileSize","code":"FileSize","label":"fileSize","originalId":"6369fb66-dd56-4cab-a54b-577a65f9eb6e"},{"$type":"SimpleField","refElementId":"","defaultValue":"","editor":{"$type":"DateBox","format":"'yyyy-MM-dd'"},"readonly":false,"require":false,"multiLanguage":false,"name":"附件上传时间","id":"73ed0709-a1f5-4f6c-9c82-ddb10864c652","type":{"$type":"DateTimeType","name":"DateTime","displayName":"日期时间"},"path":"FileInfo.FileCreateTime","bindingField":"fileInfo_FileCreateTime","bindingPath":"fileInfo.fileCreateTime","code":"FileCreateTime","label":"fileCreateTime","originalId":"ff677864-a1f5-4f6c-9c82-ddb10864c652"}],"displayName":"附件信息"},"path":"FileInfo","bindingField":"fileInfo","bindingPath":"fileInfo","code":"FileInfo","label":"fileInfo","originalId":"73ed0709-fdbf-4542-bc72-ed7c026bf9f7"}],"entities":[],"primary":"id","name":"BXFJ","displayName":"报销附件"},"code":"BXFJ","label":"bxfjs"}],"primary":"id","name":"ROBXD","displayName":"报销单"},"code":"ROBXD","label":"robxds"}],"sourceType":"vo","code":"ROBXDZD_frm","extendProperties":{"enableStdTimeFormat":true},"eapiId":"3e0005fc-a21c-4560-b940-412cb364f811"}],"states":[],"contents":[],"stateMachines":[{"id":"ROBXDZD_state_machine","name":"报销单制单状态机","uri":"d0ea4c4e-86e1-4b22-bbd3-9497ef8093c5"}],"viewmodels":[{"id":"root-viewmodel","code":"root-viewmodel","name":"报销单","fields":[],"stateMachine":"ROBXDZD_state_machine","serviceRefs":[],"commands":[{"id":"93ee1cd2-cf0b-40b3-b99f-958a3d1fad1c","code":"Load1","name":"加载数据","params":[{"name":"filter","shownName":"过滤条件","value":"","description":"过滤条件"},{"name":"sort","shownName":"排序条件","value":"","description":"排序条件"}],"handlerName":"Load","cmpId":"70b4abd4-9f2c-4b7c-90e9-6ac6f4b74c72","extensions":[]},{"id":"71ae8a4c-6202-4875-9246-2e2d959da37f","code":"Search1","name":"查询数据","params":[{"name":"filter","shownName":"过滤条件","value":"","description":null},{"name":"sort","shownName":"排序条件","value":"","description":null},{"name":"pageSize","shownName":"分页大小","value":"","description":null},{"name":"pageIndex","shownName":"当前页码","value":"","description":null}],"handlerName":"Search","cmpId":"70b4abd4-9f2c-4b7c-90e9-6ac6f4b74c72","extensions":[]},{"id":"6d5a354f-871f-43e6-82bc-7837184380d3","code":"RemoveRows1","name":"删除多行数据","params":[{"name":"ids","shownName":"待删除行id集合","value":"{UISTATE~/data-grid-component/ids}","description":null}],"handlerName":"RemoveRows","cmpId":"70b4abd4-9f2c-4b7c-90e9-6ac6f4b74c72","extensions":[]},{"id":"77556491-41c0-4356-8ccf-25e39817060e","code":"Add1","name":"新增数据","params":[{"name":"url","shownName":"卡片菜单Id","value":"","description":"卡片菜单Id"},{"name":"params","shownName":"路由参数","value":"{\"action\":\"LoadAndAdd1\"}","description":null}],"handlerName":"Add","cmpId":"70b4abd4-9f2c-4b7c-90e9-6ac6f4b74c72","extensions":[]},{"id":"52fdcac3-46c8-466e-aa5d-19920ece2076","code":"View1","name":"查看数据","params":[{"name":"url","shownName":"卡片菜单Id","value":"","description":"卡片菜单Id"},{"name":"params","shownName":"路由参数","value":"{\"action\":\"LoadAndView1\", \"id\":\"{DATA~/data-grid-component/id}\"}","description":null}],"handlerName":"View","cmpId":"70b4abd4-9f2c-4b7c-90e9-6ac6f4b74c72","extensions":[]},{"id":"7ade9996-0531-4401-b1bc-fb9ec8ee3f8e","code":"Edit1","name":"编辑数据","params":[{"name":"url","shownName":"卡片菜单Id","value":"","description":"卡片菜单Id"},{"name":"params","shownName":"路由参数","value":"{\"action\":\"LoadAndEdit1\", \"id\":\"{DATA~/data-grid-component/id}\"}","description":null}],"handlerName":"Edit","cmpId":"70b4abd4-9f2c-4b7c-90e9-6ac6f4b74c72","extensions":[]},{"id":"debae2dd-3387-48cf-90ba-96e74ab5a8e5","code":"Remove1","name":"删除数据","params":[{"name":"id","shownName":"数据id","value":"{DATA~/data-grid-component/id}","description":null}],"handlerName":"Remove","cmpId":"70b4abd4-9f2c-4b7c-90e9-6ac6f4b74c72","extensions":[]},{"id":"0d34f338-b601-4716-8530-493b0752483b","code":"submitWithBizDefKey1","name":"提交审批","params":[{"name":"dataId","shownName":"单据id","value":"{DATA~/data-grid-component/id}","description":"数据id"},{"name":"bizDefKey","shownName":"入口单据id","value":"","description":"入口单据id"},{"name":"action","shownName":"迁移动作（可选）","value":"","description":"迁移动作"}],"handlerName":"submitWithBizDefKey","cmpId":"a7cb7d01-9df1-4a32-8202-99c9d0f4c339","shortcut":{},"extensions":[]},{"id":"e492063e-a22d-4f23-8aed-7fe139843220","code":"cancelSubmitWithDataId1","name":"取消提交","params":[{"name":"dataId","shownName":"单据id","value":"{DATA~/data-grid-component/id}","description":"数据id"},{"name":"bizDefKey","shownName":"入口单据id","value":"","description":"入口单据id"},{"name":"action","shownName":"迁移动作（可选）","value":"","description":"迁移动作"}],"handlerName":"cancelSubmitWithDataId","cmpId":"a7cb7d01-9df1-4a32-8202-99c9d0f4c339","shortcut":{},"extensions":[]}],"states":[],"bindTo":"/"},{"id":"data-grid-component-viewmodel","code":"data-grid-component-viewmodel","name":"报销单","fields":[{"type":"Form","id":"92cf4bc8-89b6-4a14-8240-210c2ee337ae","fieldName":"employeeID_EmployeeID_Name","groupId":null,"groupName":null},{"type":"Form","id":"07bc3b93-622d-4cfc-86b8-baa543488a6f","fieldName":"domainID_DomainID_name","groupId":null,"groupName":null},{"type":"Form","id":"3925b61c-15df-4067-9e23-1b1e967a1a4d","fieldName":"billCode","groupId":null,"groupName":null},{"type":"Form","id":"d0e31067-2d62-4ad1-8e2f-0b4bf4575a6a","fieldName":"totalSum","groupId":null,"groupName":null},{"type":"Form","id":"d72718fc-6bc1-4f95-99d0-8afc25b68c8b","fieldName":"billType","groupId":null,"groupName":null},{"type":"Form","id":"d661f798-e6f2-4667-a62e-6664182d33c3","fieldName":"billDate","groupId":null,"groupName":null},{"type":"Form","id":"56817a3e-3a14-405b-920b-07db34368c87","fieldName":"projectID","groupId":null,"groupName":null},{"type":"Form","id":"15516310-93fc-4298-b056-5b85f95ce210","fieldName":"projectMrg_ProjectMrg_Name","groupId":null,"groupName":null},{"type":"Form","id":"bb2ab5e5-02c5-4c16-82f2-f8bc35037dbf","fieldName":"auditStatus","groupId":null,"groupName":null}],"serviceRefs":[],"commands":[{"id":"1a1b7c33-38f0-469f-a017-223086ee6259","code":"ChangePage1","name":"切换页码","params":[{"name":"loadCommandName","shownName":"数据加载命令名称","value":"Load1","description":"数据加载的命令名称"},{"name":"loadCommandFrameId","shownName":"数据加载命令框架id","value":"root-component","description":"数据加载命令所在的框架id"}],"handlerName":"ChangePage","cmpId":"70b4abd4-9f2c-4b7c-90e9-6ac6f4b74c72","extensions":[]}],"states":[],"bindTo":"/","parent":"root-viewmodel","pagination":{"enable":true,"pageSize":20}}],"components":[{"id":"root-component","type":"Component","componentType":"Frame","viewModel":"root-viewmodel","onInit":"Load1","contents":[{"id":"root-layout","type":"ContentContainer","appearance":{"class":"f-page f-page-is-managelist "},"size":null,"contents":[{"id":"page-header","type":"ContentContainer","appearance":{"class":"f-page-header"},"size":null,"contents":[{"id":"header-nav","type":"ContentContainer","appearance":{"class":"f-page-header-base"},"size":null,"contents":[{"id":"header-title-container","type":"ContentContainer","appearance":{"class":"f-title"},"size":null,"contents":[{"id":"page-header-title","type":"HtmlTemplate","html":"<span class=\"f-title-icon f-text-orna-manage\"><i class=\"f-icon f-icon-page-title-administer\"></i></span><h4 class=\"f-title-text\">报销单制单</h4>"}]},{"id":"page-header-toolbar","type":"ToolBar","appearance":{"class":"col-7 f-toolbar"},"size":null,"items":[{"id":"button-add","type":"ToolBarItem","appearance":{"class":"btn-primary"},"disable":"!viewModel.stateMachine['canAdd']","text":"新增","visible":true,"click":"Add1"},{"id":"button-edit","type":"ToolBarItem","appearance":null,"disable":"!viewModel.stateMachine['canEdit']","text":"编辑","visible":true,"click":"Edit1"},{"id":"button-view","type":"ToolBarItem","appearance":null,"disable":"!viewModel.stateMachine['canView']","text":"查看","visible":true,"click":"View1"},{"id":"button-delete","type":"ToolBarItem","appearance":null,"disable":"!viewModel.stateMachine['canRemove']","text":"删除","visible":true,"click":"Remove1"},{"id":"button-approve","type":"ToolBarItem","appearance":null,"disable":"!viewModel.stateMachine['canApprove']","text":"提交审批","visible":true,"click":"submitWithBizDefKey1"},{"id":"button-cancel-approve","type":"ToolBarItem","appearance":null,"disable":"!viewModel.stateMachine['canCancelApprove']","text":"取消提交审批","visible":true,"click":"cancelSubmitWithDataId1"}]}]}]},{"id":"page-main","type":"ContentContainer","appearance":{"class":"f-page-main"},"size":null,"contents":[{"id":"data-grid-component-ref","type":"ComponentRef","component":"data-grid-component"}]}]}]},{"id":"data-grid-component","type":"Component","componentType":"dataGrid","viewModel":"data-grid-component-viewmodel","appearance":{"class":"f-struct-wrapper f-utils-fill-flex-column"},"onInit":"","contents":[{"id":"data-grid-section","type":"Section","appearance":{"class":"f-section-grid f-section-in-managelist"},"size":null,"mainTitle":"","subTitle":"","headerClass":"","titleClass":"","extendedHeaderAreaClass":"","toolbarClass":"","extendedAreaClass":"","contentTemplateClass":"","fill":true,"expanded":true,"enableMaximize":true,"enableAccordion":true,"accordionMode":"default","showHeader":false,"headerTemplate":"","titleTemplate":"","extendedHeaderAreaTemplate":"","toolbarTemplate":"","extendedAreaTemplate":"","contents":[{"id":"dataGrid","type":"DataGrid","controlSource":"Farris","appearance":{"class":"f-component-grid"},"size":null,"dataSource":"robxds","fields":[{"id":"employeeID_EmployeeID_Name_92cf4bc8_z3gp","type":"GridField","controlSource":"Farris","caption":"名称","captionTemplate":null,"dataField":"employeeID.employeeID_Name","dataType":"string","binding":{"type":"Form","path":"employeeID_EmployeeID_Name","field":"92cf4bc8-89b6-4a14-8240-210c2ee337ae"},"enumData":null,"appearance":null,"size":{"width":120},"displayTemplate":null,"editor":null,"draggable":false,"frozen":"none","sortable":true,"sortOrder":null,"resizeable":true,"aggregate":{"type":"none","formatter":{"type":"none"}},"groupAggregate":{"type":"none","formatter":{"type":"none"}},"styler":"","colTemplate":"","linkedLabelEnabled":false,"linkedLabelClick":null,"textAlign":"left","hAlign":"left","vAlign":"middle","formatter":{"type":"none"},"showTips":false,"tipContent":null,"multiLanguage":false,"enableFilter":false,"headerStyler":"","localization":false,"path":"employeeID.employeeID_Name"},{"id":"domainID_DomainID_name_07bc3b93_ww7l","type":"GridField","controlSource":"Farris","caption":"名称","captionTemplate":null,"dataField":"domainID.domainID_name","dataType":"string","binding":{"type":"Form","path":"domainID_DomainID_name","field":"07bc3b93-622d-4cfc-86b8-baa543488a6f"},"enumData":null,"appearance":null,"size":{"width":120},"displayTemplate":null,"editor":null,"draggable":false,"frozen":"none","sortable":true,"sortOrder":null,"resizeable":true,"aggregate":{"type":"none","formatter":{"type":"none"}},"groupAggregate":{"type":"none","formatter":{"type":"none"}},"styler":"","colTemplate":"","linkedLabelEnabled":false,"linkedLabelClick":null,"textAlign":"left","hAlign":"left","vAlign":"middle","formatter":{"type":"none"},"showTips":false,"tipContent":null,"multiLanguage":false,"enableFilter":false,"headerStyler":"","localization":false,"path":"domainID.domainID_name"},{"id":"billCode_3925b61c_sm0r","type":"GridField","controlSource":"Farris","caption":"单据编号","captionTemplate":null,"dataField":"billCode","dataType":"string","binding":{"type":"Form","path":"billCode","field":"3925b61c-15df-4067-9e23-1b1e967a1a4d"},"enumData":null,"appearance":null,"size":{"width":120},"displayTemplate":null,"editor":null,"draggable":false,"frozen":"none","sortable":true,"sortOrder":null,"resizeable":true,"aggregate":{"type":"none","formatter":{"type":"none"}},"groupAggregate":{"type":"none","formatter":{"type":"none"}},"styler":"","colTemplate":"","linkedLabelEnabled":false,"linkedLabelClick":null,"textAlign":"left","hAlign":"left","vAlign":"middle","formatter":{"type":"none"},"showTips":false,"tipContent":null,"multiLanguage":false,"enableFilter":false,"headerStyler":"","localization":false,"path":"billCode"},{"id":"totalSum_d0e31067_0oxy","type":"GridField","controlSource":"Farris","caption":"报账金额","captionTemplate":null,"dataField":"totalSum","dataType":"number","binding":{"type":"Form","path":"totalSum","field":"d0e31067-2d62-4ad1-8e2f-0b4bf4575a6a"},"enumData":null,"appearance":null,"size":{"width":120},"displayTemplate":null,"editor":null,"draggable":false,"frozen":"none","sortable":true,"sortOrder":null,"resizeable":true,"aggregate":{"type":"none","formatter":{"type":"none"}},"groupAggregate":{"type":"none","formatter":{"type":"none"}},"styler":"","colTemplate":"","linkedLabelEnabled":false,"linkedLabelClick":null,"textAlign":"left","hAlign":"left","vAlign":"middle","formatter":{"type":"number","precision":2,"thousand":",","decimal":"."},"showTips":false,"tipContent":null,"multiLanguage":false,"enableFilter":false,"headerStyler":"","localization":false,"path":"totalSum"},{"id":"billType_d72718fc_aasu","type":"GridField","controlSource":"Farris","caption":"报销类型","captionTemplate":null,"dataField":"billType","dataType":"enum","binding":{"type":"Form","path":"billType","field":"d72718fc-6bc1-4f95-99d0-8afc25b68c8b"},"enumData":[{"name":"差旅费","value":"CL"},{"name":"交通费","value":"JT"},{"name":"手机费","value":"SJ"}],"appearance":null,"size":{"width":120},"displayTemplate":null,"editor":null,"draggable":false,"frozen":"none","sortable":true,"sortOrder":null,"resizeable":true,"aggregate":{"type":"none","formatter":{"type":"none"}},"groupAggregate":{"type":"none","formatter":{"type":"none"}},"styler":"","colTemplate":"","linkedLabelEnabled":false,"linkedLabelClick":null,"textAlign":"left","hAlign":"left","vAlign":"middle","formatter":{"type":"none"},"showTips":false,"tipContent":null,"multiLanguage":false,"enableFilter":false,"headerStyler":"","localization":false,"path":"billType","idField":"value","textField":"name"},{"id":"billDate_d661f798_zzmf","type":"GridField","controlSource":"Farris","caption":"制单日期","captionTemplate":null,"dataField":"billDate","dataType":"datetime","binding":{"type":"Form","path":"billDate","field":"d661f798-e6f2-4667-a62e-6664182d33c3"},"enumData":null,"appearance":null,"size":{"width":120},"displayTemplate":null,"editor":null,"draggable":false,"frozen":"none","sortable":true,"sortOrder":null,"resizeable":true,"aggregate":{"type":"none","formatter":{"type":"none"}},"groupAggregate":{"type":"none","formatter":{"type":"none"}},"styler":"","colTemplate":"","linkedLabelEnabled":false,"linkedLabelClick":null,"textAlign":"left","hAlign":"left","vAlign":"middle","formatter":{"type":"date","dateFormat":"yyyy-MM-dd HH:mm:ss"},"showTips":false,"tipContent":null,"multiLanguage":false,"enableFilter":false,"headerStyler":"","localization":false,"path":"billDate","localizationType":"DateTime"},{"id":"projectID_56817a3e_2wb3","type":"GridField","controlSource":"Farris","caption":"所属项目","captionTemplate":null,"dataField":"projectID","dataType":"string","binding":{"type":"Form","path":"projectID","field":"56817a3e-3a14-405b-920b-07db34368c87"},"enumData":null,"appearance":null,"size":{"width":120},"displayTemplate":null,"editor":null,"draggable":false,"frozen":"none","sortable":true,"sortOrder":null,"resizeable":true,"aggregate":{"type":"none","formatter":{"type":"none"}},"groupAggregate":{"type":"none","formatter":{"type":"none"}},"styler":"","colTemplate":"","linkedLabelEnabled":false,"linkedLabelClick":null,"textAlign":"left","hAlign":"left","vAlign":"middle","formatter":{"type":"none"},"showTips":false,"tipContent":null,"multiLanguage":false,"enableFilter":false,"headerStyler":"","localization":false,"path":"projectID"},{"id":"projectMrg_ProjectMrg_Name_15516310_80qd","type":"GridField","controlSource":"Farris","caption":"名称","captionTemplate":null,"dataField":"projectMrg.projectMrg_Name","dataType":"string","binding":{"type":"Form","path":"projectMrg_ProjectMrg_Name","field":"15516310-93fc-4298-b056-5b85f95ce210"},"enumData":null,"appearance":null,"size":{"width":120},"displayTemplate":null,"editor":null,"draggable":false,"frozen":"none","sortable":true,"sortOrder":null,"resizeable":true,"aggregate":{"type":"none","formatter":{"type":"none"}},"groupAggregate":{"type":"none","formatter":{"type":"none"}},"styler":"","colTemplate":"","linkedLabelEnabled":false,"linkedLabelClick":null,"textAlign":"left","hAlign":"left","vAlign":"middle","formatter":{"type":"none"},"showTips":false,"tipContent":null,"multiLanguage":false,"enableFilter":false,"headerStyler":"","localization":false,"path":"projectMrg.projectMrg_Name"},{"id":"auditStatus_bb2ab5e5_4xqs","type":"GridField","controlSource":"Farris","caption":"稽核状态","captionTemplate":null,"dataField":"auditStatus","dataType":"enum","binding":{"type":"Form","path":"auditStatus","field":"bb2ab5e5-02c5-4c16-82f2-f8bc35037dbf"},"enumData":[{"name":"未稽核","value":"None"},{"name":"稽核通过","value":"Passed"},{"name":"稽核不通过","value":"Reject"}],"appearance":null,"size":{"width":120},"displayTemplate":null,"editor":null,"draggable":false,"frozen":"none","sortable":true,"sortOrder":null,"resizeable":true,"aggregate":{"type":"none","formatter":{"type":"none"}},"groupAggregate":{"type":"none","formatter":{"type":"none"}},"styler":"","colTemplate":"","linkedLabelEnabled":false,"linkedLabelClick":null,"textAlign":"left","hAlign":"left","vAlign":"middle","formatter":{"type":"none"},"showTips":false,"tipContent":null,"multiLanguage":false,"enableFilter":false,"headerStyler":"","localization":false,"path":"auditStatus","idField":"value","textField":"name"}],"focusedItem":null,"focusedIndex":null,"identifyField":null,"multiSelect":false,"selectable":null,"showCheckbox":false,"showAllCheckbox":false,"checkOnSelect":false,"selectOnCheck":false,"itemTemplate":null,"toolBar":null,"summary":null,"groupable":false,"group":null,"showGroupColumn":true,"groupFormatter":null,"groupStyler":null,"groupFooter":false,"fitColumns":false,"autoFitColumns":false,"virtualized":false,"virtualizedAsyncLoad":false,"scrollYLoad":"ChangePage1","onSelectionChange":"","fieldEditable":false,"appendRow":null,"disable":false,"pageChange":"ChangePage1","pageSizeChanged":"ChangePage1","styler":"","multiSort":false,"showBorder":false,"striped":true,"showLineNumber":false,"filterable":false,"disableRow":null,"beforeSelect":null,"beforeUnSelect":null,"beforeCheck":null,"beforeUnCheck":null,"dblClickRow":null,"showFooter":false,"footerTemplate":"","footerDataFrom":"client","footerDataCommand":null,"enableFilterRow":false,"remoteFilter":false,"showFilterBar":false,"useControlPanel":false,"autoHeight":false,"showSelectedList":false,"selectedItemFormatter":null,"lineNumberWidth":36,"enableMorePageSelect":false}]}]}],"webcmds":[{"id":"70b4abd4-9f2c-4b7c-90e9-6ac6f4b74c72","path":"/projects/packages/Inspur.GS.Gsp.Web.WebCmp/webcmd","name":"ListController.webcmd","refedHandlers":[{"host":"93ee1cd2-cf0b-40b3-b99f-958a3d1fad1c","handler":"Load"},{"host":"71ae8a4c-6202-4875-9246-2e2d959da37f","handler":"Search"},{"host":"77556491-41c0-4356-8ccf-25e39817060e","handler":"Add"},{"host":"52fdcac3-46c8-466e-aa5d-19920ece2076","handler":"View"},{"host":"7ade9996-0531-4401-b1bc-fb9ec8ee3f8e","handler":"Edit"},{"host":"6d5a354f-871f-43e6-82bc-7837184380d3","handler":"RemoveRows"},{"host":"1a1b7c33-38f0-469f-a017-223086ee6259","handler":"ChangePage"},{"host":"debae2dd-3387-48cf-90ba-96e74ab5a8e5","handler":"Remove"}]},{"id":"a7cb7d01-9df1-4a32-8202-99c9d0f4c339","path":null,"name":"ApproveController.webcmd","refedHandlers":[{"host":"0d34f338-b601-4716-8530-493b0752483b","handler":"submitWithBizDefKey"},{"host":"e492063e-a22d-4f23-8aed-7fe139843220","handler":"cancelSubmitWithDataId"}]}],"serviceRefs":[],"projectName":"bo-robxd-front","showType":"page","toolbar":{"items":{},"configs":{}}},"options":{"enableTextArea":true,"renderMode":"compile"}}