{"root-component":{"name":""},"root-layout":{"name":""},"page-header":{"name":""},"header-nav":{"name":""},"header-title-container":{"name":""},"page-header-title":{"name":""},"page-header-toolbar":{"name":""},"button-add":{"name":"新增"},"button-edit":{"name":"编辑"},"button-view":{"name":"查看"},"button-delete":{"name":"删除"},"button-approve":{"name":"提交审批"},"button-cancel-approve":{"name":"取消提交审批"},"page-main":{"name":""},"data-grid-component-ref":{"name":""},"data-grid-component":{"name":""},"data-grid-section":{"name":""},"Section/data-grid-section/mainTitle":{"name":""},"Section/data-grid-section/subTitle":{"name":""},"dataGrid":{"name":""},"DataGrid/dataGrid/lineNumberTitle":{"name":""},"DataGrid/dataGrid/OperateEditButton":{"name":"编辑"},"DataGrid/dataGrid/OperateDeleteButton":{"name":"删除"},"DataGrid/dataGrid/OperateColumn":{"name":"操作"},"employeeID_EmployeeID_Name_92cf4bc8_z3gp":{"name":"名称"},"domainID_DomainID_name_07bc3b93_ww7l":{"name":"名称"},"billCode_3925b61c_sm0r":{"name":"单据编号"},"totalSum_d0e31067_0oxy":{"name":"报账金额"},"billType_d72718fc_aasu":{"name":"报销类型"},"GridField/billType_d72718fc_aasu/enumData/CL":{"name":"差旅费"},"GridField/billType_d72718fc_aasu/enumData/JT":{"name":"交通费"},"GridField/billType_d72718fc_aasu/enumData/SJ":{"name":"手机费"},"billDate_d661f798_zzmf":{"name":"制单日期"},"projectID_56817a3e_2wb3":{"name":"所属项目"},"projectMrg_ProjectMrg_Name_15516310_80qd":{"name":"名称"},"auditStatus_bb2ab5e5_4xqs":{"name":"稽核状态"},"GridField/auditStatus_bb2ab5e5_4xqs/enumData/None":{"name":"未稽核"},"GridField/auditStatus_bb2ab5e5_4xqs/enumData/Passed":{"name":"稽核通过"},"GridField/auditStatus_bb2ab5e5_4xqs/enumData/Reject":{"name":"稽核不通过"}}