{"TextBox/employeeID_EmployeeID_Name_f710e92e_v81c/placeHolder":{"name":""},"TextBox/domainID_DomainID_name_c2a814ca_9qcb/placeHolder":{"name":""},"TextBox/projectMrg_ProjectMrg_Name_5679472b_am0p/placeHolder":{"name":""},"root-component":{"name":""},"root-layout":{"name":""},"page-header":{"name":""},"header-nav":{"name":""},"header-title-container":{"name":""},"page-header-title":{"name":""},"page-header-toolbar":{"name":""},"button-add":{"name":"新增"},"button-edit":{"name":"编辑"},"button-save":{"name":"保存"},"button-cancel":{"name":"取消"},"button-approve":{"name":"提交审批"},"button-cancel-approve":{"name":"取消提交审批"},"main-container":{"name":""},"like-card-container":{"name":""},"basic-form-component-ref":{"name":""},"detail-container":{"name":""},"detail-section":{"name":""},"Section/detail-section/mainTitle":{"name":""},"Section/detail-section/subTitle":{"name":""},"detail-tab":{"name":""},"bxmx-tab-page":{"name":"报销明细"},"bxmx-component-ref":{"name":""},"bxmx-tab-toolbar":{"name":""},"bxmxAddButton":{"name":"新增"},"bxmxRemoveButton":{"name":"删除"},"bxfj-tab-page":{"name":"报销附件"},"bxfj-component-ref":{"name":""},"bxfj-tab-toolbar":{"name":""},"bxfjAddButton":{"name":"新增"},"bxfjRemoveButton":{"name":"删除"},"basic-form-component":{"name":""},"basic-form-section":{"name":""},"Section/basic-form-section/mainTitle":{"name":"基本信息"},"Section/basic-form-section/subTitle":{"name":""},"basic-form-layout":{"name":""},"a0d05cac-69c6-4dee-be17-d6bc58da50fd":{"name":"基础信息"},"FieldSet/a0d05cac-69c6-4dee-be17-d6bc58da50fd/collapseText":{"name":""},"FieldSet/a0d05cac-69c6-4dee-be17-d6bc58da50fd/expandText":{"name":""},"employeeID_EmployeeID_Name_f710e92e_v81c":{"name":"报销人"},"LookupEdit/employeeID_EmployeeID_Name_f710e92e_v81c/placeHolder":{"name":""},"LookupEdit/employeeID_EmployeeID_Name_f710e92e_v81c/dialogTitle":{"name":""},"domainID_DomainID_name_c2a814ca_9qcb":{"name":"所属部门"},"LookupEdit/domainID_DomainID_name_c2a814ca_9qcb/placeHolder":{"name":""},"LookupEdit/domainID_DomainID_name_c2a814ca_9qcb/dialogTitle":{"name":""},"billCode_c2735656_chny":{"name":"单据编号"},"TextBox/billCode_c2735656_chny/placeHolder":{"name":""},"totalSum_09c990b5_t8l4":{"name":"报账金额"},"NumberSpinner/totalSum_09c990b5_t8l4/placeHolder":{"name":""},"billType_239d6d48_c4sc":{"name":"报销类型"},"EnumField/billType_239d6d48_c4sc/placeHolder":{"name":""},"EnumField/billType_239d6d48_c4sc/enumData/CL":{"name":"差旅费"},"EnumField/billType_239d6d48_c4sc/enumData/JT":{"name":"交通费"},"EnumField/billType_239d6d48_c4sc/enumData/SJ":{"name":"手机费"},"cea1199f-cfce-45d9-afc4-29298c3dd860":{"name":"高级信息"},"FieldSet/cea1199f-cfce-45d9-afc4-29298c3dd860/collapseText":{"name":""},"FieldSet/cea1199f-cfce-45d9-afc4-29298c3dd860/expandText":{"name":""},"billDate_4c58ce86_fnxw":{"name":"制单日期"},"DateBox/billDate_4c58ce86_fnxw/placeHolder":{"name":""},"projectID_c87a3547_rb43":{"name":"所属项目"},"TextBox/projectID_c87a3547_rb43/placeHolder":{"name":""},"projectMrg_ProjectMrg_Name_5679472b_am0p":{"name":"项目经理"},"LookupEdit/projectMrg_ProjectMrg_Name_5679472b_am0p/placeHolder":{"name":""},"LookupEdit/projectMrg_ProjectMrg_Name_5679472b_am0p/dialogTitle":{"name":""},"auditStatus_2db7782a_6vjc":{"name":"稽核状态"},"EnumField/auditStatus_2db7782a_6vjc/placeHolder":{"name":""},"EnumField/auditStatus_2db7782a_6vjc/enumData/None":{"name":"未稽核"},"EnumField/auditStatus_2db7782a_6vjc/enumData/Passed":{"name":"稽核通过"},"EnumField/auditStatus_2db7782a_6vjc/enumData/Reject":{"name":"稽核不通过"},"billNote_909f28e5_gsdr":{"name":"报销说明"},"MultiTextBox/billNote_909f28e5_gsdr/placeHolder":{"name":""},"bxmx-component":{"name":""},"bxmx-component-layout":{"name":""},"dataGrid_bxmx":{"name":""},"DataGrid/dataGrid_bxmx/lineNumberTitle":{"name":""},"DataGrid/dataGrid_bxmx/OperateEditButton":{"name":"编辑"},"DataGrid/dataGrid_bxmx/OperateDeleteButton":{"name":"删除"},"DataGrid/dataGrid_bxmx/OperateColumn":{"name":"操作"},"billDetailDate_de1b482a_kjtu":{"name":"费用日期"},"GridField/billDetailDate_de1b482a_kjtu/editor/billDetailDate_de1b482a_szk8":{"name":"日期选择"},"GridField/billDetailDate_de1b482a_kjtu/editor/DateBox/billDetailDate_de1b482a_szk8/placeHolder":{"name":""},"billDetailAmount_d32147ad_6cyu":{"name":"报销金额"},"GridField/billDetailAmount_d32147ad_6cyu/editor/billDetailAmount_d32147ad_egoy":{"name":"数值框"},"GridField/billDetailAmount_d32147ad_6cyu/editor/NumberSpinner/billDetailAmount_d32147ad_egoy/placeHolder":{"name":""},"billDetailNote_c74d35e4_e9lj":{"name":"费用说明"},"GridField/billDetailNote_c74d35e4_e9lj/editor/billDetailNote_c74d35e4_474o":{"name":"多行文本框"},"GridField/billDetailNote_c74d35e4_e9lj/editor/MultiTextBox/billDetailNote_c74d35e4_474o/placeHolder":{"name":""},"invoiceNO_36484678_u7ss":{"name":"发票号码"},"GridField/invoiceNO_36484678_u7ss/editor/invoiceNO_36484678_4936":{"name":"文本"},"GridField/invoiceNO_36484678_u7ss/editor/TextBox/invoiceNO_36484678_4936/placeHolder":{"name":""},"bxfj-component":{"name":""},"bxfj-component-layout":{"name":""},"dataGrid_bxfj":{"name":""},"DataGrid/dataGrid_bxfj/lineNumberTitle":{"name":""},"DataGrid/dataGrid_bxfj/OperateEditButton":{"name":"编辑"},"DataGrid/dataGrid_bxfj/OperateDeleteButton":{"name":"删除"},"DataGrid/dataGrid_bxfj/OperateColumn":{"name":"操作"},"fileInfo_FileName_13b8d5a4_k9t2":{"name":"附件名称"},"GridField/fileInfo_FileName_13b8d5a4_k9t2/editor/fileInfo_FileName_13b8d5a4_dxhk":{"name":"文本"},"GridField/fileInfo_FileName_13b8d5a4_k9t2/editor/TextBox/fileInfo_FileName_13b8d5a4_dxhk/placeHolder":{"name":""},"fileInfo_FileSize_13b8d5a4_rswt":{"name":"附件大小"},"GridField/fileInfo_FileSize_13b8d5a4_rswt/editor/fileInfo_FileSize_13b8d5a4_41y8":{"name":"数值框"},"GridField/fileInfo_FileSize_13b8d5a4_rswt/editor/NumberSpinner/fileInfo_FileSize_13b8d5a4_41y8/placeHolder":{"name":""},"fileInfo_FileCreateTime_13b8d5a4_8how":{"name":"附件上传时间"},"GridField/fileInfo_FileCreateTime_13b8d5a4_8how/editor/fileInfo_FileCreateTime_13b8d5a4_6d2b":{"name":"日期选择"},"GridField/fileInfo_FileCreateTime_13b8d5a4_8how/editor/DateBox/fileInfo_FileCreateTime_13b8d5a4_6d2b/placeHolder":{"name":""}}