[{"Code":"ROBXDZD_frm","Name":"报销单制单_frm","Id":"3e0005fc-a21c-4560-b940-412cb364f811","Version":"1.0","Description":"ROBXDZD_frm服务","BizObject":"3793845b-e5f0-23e2-a754-74267ff776cf","CriticalApplication":"fssp","ServiceUnit":"fssc","RouteUrl":"robxdzd_frm","Service":{"Id":"d3b8a41e-bee6-40a0-8124-cdcffb57be9e","ResourceId":"9c9bd89d-60c2-4a23-8d6d-d3992842a533","ResourceType":"VO","ResourceCode":"com.inspur.gs.fssp.fssc.robxd.robxd.front.vo.ROBXDZD_frm","ResourceName":"报销单制单_frm","ResourcePath":null,"ResourceFileName":null,"Operations":[{"Id":"9c9bd89d-60c2-4a23-8d6d-d3992842a533&^^&CreateSession","Code":"CreateSession","Name":"创建Session","Description":null,"HttpMethod":"POST","Template":"service/createsession","Parameters":[{"Id":"9c9bd89d-60c2-4a23-8d6d-d3992842a533&^^&CreateSessionParam","Code":"sessionId","Name":"sessionId","Description":"功能sessionId","ModelId":"string","ModelCode":null,"ModelName":"string","RefId":null,"RefCode":null,"RefName":null,"RefPath":null,"RefFileName":null,"ModelType":0,"In":"","IsRequired":true,"ListDeepth":0,"isCollection":false,"isRetVal":true,"isBasicType":true}],"ResourceOpId":"9c9bd89d-60c2-4a23-8d6d-d3992842a533&^^&CreateSession","Transaction":false,"AssemblyInfo":null,"Extend1":"Basic","Extend2":null,"isDeprecated":false},{"Id":"9c9bd89d-60c2-4a23-8d6d-d3992842a533&^^&CloseSession","Code":"CloseSession","Name":"关闭Session","Description":null,"HttpMethod":"POST","Template":"service/closesession","Parameters":null,"ResourceOpId":"9c9bd89d-60c2-4a23-8d6d-d3992842a533&^^&CloseSession","Transaction":false,"AssemblyInfo":null,"Extend1":"Basic","Extend2":null,"isDeprecated":false},{"Id":"9c9bd89d-60c2-4a23-8d6d-d3992842a533&^^&Create","Code":"Create","Name":"新增","Description":"新增主表数据","HttpMethod":"POST","Template":"","Parameters":[{"Id":"9c9bd89d-60c2-4a23-8d6d-d3992842a533&^^&RequestInfo","Code":"requestInfo","Name":"请求信息","Description":"请求信息","ModelId":"9c9bd89d-60c2-4a23-8d6d-d3992842a533&^^&RequestInfo","ModelCode":"RequestInfo","ModelName":"RequestInfo","RefId":"9c9bd89d-60c2-4a23-8d6d-d3992842a533&^^&RequestInfo","RefCode":"RequestInfo","RefName":"RequestInfo","RefPath":null,"RefFileName":null,"ModelType":1,"In":"Body","IsRequired":false,"ListDeepth":0,"isCollection":false,"isRetVal":false,"isBasicType":false},{"Id":"9c9bd89d-60c2-4a23-8d6d-d3992842a533&^^&defaultValue","Code":"defaultValue","Name":"默认值","Description":"默认值","ModelId":"9c9bd89d-60c2-4a23-8d6d-d3992842a533&^^&DefaultValue","ModelCode":"DefaultValue","ModelName":"DefaultValue","RefId":"9c9bd89d-60c2-4a23-8d6d-d3992842a533&^^&DefaultValue","RefCode":"DefaultValue","RefName":"DefaultValue","RefPath":null,"RefFileName":null,"ModelType":1,"In":"Body","IsRequired":false,"ListDeepth":0,"isCollection":false,"isRetVal":false,"isBasicType":false},{"Id":"9c9bd89d-60c2-4a23-8d6d-d3992842a533&^^&ResponseInfo","Code":"responseInfo","Name":"响应信息","Description":"响应信息","ModelId":"9c9bd89d-60c2-4a23-8d6d-d3992842a533&^^&ResponseInfo","ModelCode":"ResponseInfo","ModelName":"ResponseInfo","RefId":"9c9bd89d-60c2-4a23-8d6d-d3992842a533&^^&ResponseInfo","RefCode":"ResponseInfo","RefName":"ResponseInfo","RefPath":null,"RefFileName":null,"ModelType":1,"In":"","IsRequired":true,"ListDeepth":0,"isCollection":false,"isRetVal":true,"isBasicType":false}],"ResourceOpId":"9c9bd89d-60c2-4a23-8d6d-d3992842a533&^^&Create","Transaction":false,"AssemblyInfo":null,"Extend1":"Basic","Extend2":null,"isDeprecated":false},{"Id":"9c9bd89d-60c2-4a23-8d6d-d3992842a533&^^&BatchCreate","Code":"BatchCreate","Name":"批量新增主表数据","Description":"根据默认值批量新增主表数据","HttpMethod":"POST","Template":"/batch","Parameters":[{"Id":"9c9bd89d-60c2-4a23-8d6d-d3992842a533&^^&RequestInfo","Code":"requestInfo","Name":"请求信息","Description":"请求信息","ModelId":"9c9bd89d-60c2-4a23-8d6d-d3992842a533&^^&RequestInfo","ModelCode":"RequestInfo","ModelName":"RequestInfo","RefId":"9c9bd89d-60c2-4a23-8d6d-d3992842a533&^^&RequestInfo","RefCode":"RequestInfo","RefName":"RequestInfo","RefPath":null,"RefFileName":null,"ModelType":1,"In":"Body","IsRequired":true,"ListDeepth":0,"isCollection":false,"isRetVal":false,"isBasicType":false},{"Id":"9c9bd89d-60c2-4a23-8d6d-d3992842a533&^^&retrieveDefaultParam","Code":"retrieveDefaultParam","Name":"默认值","Description":"默认值","ModelId":"9c9bd89d-60c2-4a23-8d6d-d3992842a533&^^&RetrieveDefaultParam","ModelCode":"RetrieveDefaultParam","ModelName":"RetrieveDefaultParam","RefId":"9c9bd89d-60c2-4a23-8d6d-d3992842a533&^^&RetrieveDefaultParam","RefCode":"RetrieveDefaultParam","RefName":"RetrieveDefaultParam","RefPath":null,"RefFileName":null,"ModelType":1,"In":"Body","IsRequired":false,"ListDeepth":0,"isCollection":false,"isRetVal":false,"isBasicType":false},{"Id":"9c9bd89d-60c2-4a23-8d6d-d3992842a533&^^&ResponseInfo","Code":"responseInfo","Name":"响应信息","Description":"响应信息","ModelId":"9c9bd89d-60c2-4a23-8d6d-d3992842a533&^^&ResponseInfo","ModelCode":"ResponseInfo","ModelName":"ResponseInfo","RefId":"9c9bd89d-60c2-4a23-8d6d-d3992842a533&^^&ResponseInfo","RefCode":"ResponseInfo","RefName":"ResponseInfo","RefPath":null,"RefFileName":null,"ModelType":1,"In":"","IsRequired":true,"ListDeepth":0,"isCollection":false,"isRetVal":true,"isBasicType":false}],"ResourceOpId":"9c9bd89d-60c2-4a23-8d6d-d3992842a533&^^&BatchCreate","Transaction":false,"AssemblyInfo":null,"Extend1":"Basic","Extend2":null,"isDeprecated":false},{"Id":"9c9bd89d-60c2-4a23-8d6d-d3992842a533&^^&Edit","Code":"Edit","Name":"编辑","Description":"编辑","HttpMethod":"PUT","Template":"/service/edit/{dataId}","Parameters":[{"Id":"9c9bd89d-60c2-4a23-8d6d-d3992842a533&^^&RequestInfo","Code":"requestInfo","Name":"请求信息","Description":"请求信息","ModelId":"9c9bd89d-60c2-4a23-8d6d-d3992842a533&^^&RequestInfo","ModelCode":"RequestInfo","ModelName":"RequestInfo","RefId":"9c9bd89d-60c2-4a23-8d6d-d3992842a533&^^&RequestInfo","RefCode":"RequestInfo","RefName":"RequestInfo","RefPath":null,"RefFileName":null,"ModelType":1,"In":"Body","IsRequired":false,"ListDeepth":0,"isCollection":false,"isRetVal":false,"isBasicType":false},{"Id":"9c9bd89d-60c2-4a23-8d6d-d3992842a533&^^&RetrieveParam","Code":"dataId","Name":"单据内码","Description":"单据内码","ModelId":"string","ModelCode":null,"ModelName":"string","RefId":null,"RefCode":null,"RefName":null,"RefPath":null,"RefFileName":null,"ModelType":0,"In":"Path","IsRequired":true,"ListDeepth":0,"isCollection":false,"isRetVal":false,"isBasicType":true},{"Id":"9c9bd89d-60c2-4a23-8d6d-d3992842a533&^^&ResponseInfo","Code":"responseInfo","Name":"响应信息","Description":"响应信息","ModelId":"9c9bd89d-60c2-4a23-8d6d-d3992842a533&^^&ResponseInfo","ModelCode":"ResponseInfo","ModelName":"ResponseInfo","RefId":"9c9bd89d-60c2-4a23-8d6d-d3992842a533&^^&ResponseInfo","RefCode":"ResponseInfo","RefName":"ResponseInfo","RefPath":null,"RefFileName":null,"ModelType":1,"In":"","IsRequired":true,"ListDeepth":0,"isCollection":false,"isRetVal":true,"isBasicType":false}],"ResourceOpId":"9c9bd89d-60c2-4a23-8d6d-d3992842a533&^^&Edit","Transaction":false,"AssemblyInfo":null,"Extend1":"Basic","Extend2":null,"isDeprecated":false},{"Id":"9c9bd89d-60c2-4a23-8d6d-d3992842a533&^^&Delete","Code":"Delete","Name":"删除","Description":"删除","HttpMethod":"DELETE","Template":"/{dataId}","Parameters":[{"Id":"9c9bd89d-60c2-4a23-8d6d-d3992842a533&^^&DeleteParam","Code":"dataId","Name":"单据内码","Description":"单据内码","ModelId":"string","ModelCode":null,"ModelName":"string","RefId":null,"RefCode":null,"RefName":null,"RefPath":null,"RefFileName":null,"ModelType":0,"In":"Path","IsRequired":true,"ListDeepth":0,"isCollection":false,"isRetVal":false,"isBasicType":true}],"ResourceOpId":"9c9bd89d-60c2-4a23-8d6d-d3992842a533&^^&Delete","Transaction":false,"AssemblyInfo":null,"Extend1":"Basic","Extend2":null,"isDeprecated":false},{"Id":"9c9bd89d-60c2-4a23-8d6d-d3992842a533&^^&DeleteAndSave","Code":"DeleteAndSave","Name":"删除并保存","Description":"删除并保存","HttpMethod":"PUT","Template":"/service/delete/{dataId}","Parameters":[{"Id":"9c9bd89d-60c2-4a23-8d6d-d3992842a533&^^&RequestInfo","Code":"requestInfo","Name":"请求信息","Description":"请求信息","ModelId":"9c9bd89d-60c2-4a23-8d6d-d3992842a533&^^&RequestInfo","ModelCode":"RequestInfo","ModelName":"RequestInfo","RefId":"9c9bd89d-60c2-4a23-8d6d-d3992842a533&^^&RequestInfo","RefCode":"RequestInfo","RefName":"RequestInfo","RefPath":null,"RefFileName":null,"ModelType":1,"In":"Body","IsRequired":false,"ListDeepth":0,"isCollection":false,"isRetVal":false,"isBasicType":false},{"Id":"9c9bd89d-60c2-4a23-8d6d-d3992842a533&^^&DeleteParam","Code":"dataId","Name":"单据内码","Description":"单据内码","ModelId":"string","ModelCode":null,"ModelName":"string","RefId":null,"RefCode":null,"RefName":null,"RefPath":null,"RefFileName":null,"ModelType":0,"In":"Path","IsRequired":true,"ListDeepth":0,"isCollection":false,"isRetVal":false,"isBasicType":true},{"Id":"9c9bd89d-60c2-4a23-8d6d-d3992842a533&^^&ResponseInfo","Code":"responseInfo","Name":"响应信息","Description":"响应信息","ModelId":"9c9bd89d-60c2-4a23-8d6d-d3992842a533&^^&ResponseInfo","ModelCode":"ResponseInfo","ModelName":"ResponseInfo","RefId":"9c9bd89d-60c2-4a23-8d6d-d3992842a533&^^&ResponseInfo","RefCode":"ResponseInfo","RefName":"ResponseInfo","RefPath":null,"RefFileName":null,"ModelType":1,"In":"","IsRequired":true,"ListDeepth":0,"isCollection":false,"isRetVal":true,"isBasicType":false}],"ResourceOpId":"9c9bd89d-60c2-4a23-8d6d-d3992842a533&^^&DeleteAndSave","Transaction":false,"AssemblyInfo":null,"Extend1":"Basic","Extend2":null,"isDeprecated":false},{"Id":"9c9bd89d-60c2-4a23-8d6d-d3992842a533&^^&BatchDelete","Code":"BatchDelete","Name":"批量删除","Description":"批量删除","HttpMethod":"DELETE","Template":"","Parameters":[{"Id":"9c9bd89d-60c2-4a23-8d6d-d3992842a533&^^&BatchDeleteParam","Code":"ids","Name":"单据内码列表","Description":"单据内码列表","ModelId":"string","ModelCode":null,"ModelName":"string","RefId":null,"RefCode":null,"RefName":null,"RefPath":null,"RefFileName":null,"ModelType":0,"In":"Query","IsRequired":true,"ListDeepth":0,"isCollection":false,"isRetVal":false,"isBasicType":true}],"ResourceOpId":"9c9bd89d-60c2-4a23-8d6d-d3992842a533&^^&BatchDelete","Transaction":false,"AssemblyInfo":null,"Extend1":"Basic","Extend2":null,"isDeprecated":false},{"Id":"9c9bd89d-60c2-4a23-8d6d-d3992842a533&^^&BatchDeleteAndSave","Code":"BatchDeleteAndSave","Name":"批量删除并保存","Description":"批量删除并保存","HttpMethod":"POST","Template":"/batchdeleteandsave","Parameters":[{"Id":"9c9bd89d-60c2-4a23-8d6d-d3992842a533&^^&RequestInfo","Code":"requestInfo","Name":"请求信息","Description":"请求信息","ModelId":"9c9bd89d-60c2-4a23-8d6d-d3992842a533&^^&RequestInfo","ModelCode":"RequestInfo","ModelName":"RequestInfo","RefId":"9c9bd89d-60c2-4a23-8d6d-d3992842a533&^^&RequestInfo","RefCode":"RequestInfo","RefName":"RequestInfo","RefPath":null,"RefFileName":null,"ModelType":1,"In":"Body","IsRequired":false,"ListDeepth":0,"isCollection":false,"isRetVal":false,"isBasicType":false},{"Id":"9c9bd89d-60c2-4a23-8d6d-d3992842a533&^^&IdsParam","Code":"ids","Name":"单据内码列表","Description":"批量删除的单据内码列表","ModelId":"string","ModelCode":null,"ModelName":"string","RefId":null,"RefCode":null,"RefName":null,"RefPath":null,"RefFileName":null,"ModelType":0,"In":"Body","IsRequired":true,"ListDeepth":1,"isCollection":true,"isRetVal":false,"isBasicType":true},{"Id":"9c9bd89d-60c2-4a23-8d6d-d3992842a533&^^&ResponseInfo","Code":"responseInfo","Name":"响应信息","Description":"响应信息","ModelId":"9c9bd89d-60c2-4a23-8d6d-d3992842a533&^^&ResponseInfo","ModelCode":"ResponseInfo","ModelName":"ResponseInfo","RefId":"9c9bd89d-60c2-4a23-8d6d-d3992842a533&^^&ResponseInfo","RefCode":"ResponseInfo","RefName":"ResponseInfo","RefPath":null,"RefFileName":null,"ModelType":1,"In":"","IsRequired":true,"ListDeepth":0,"isCollection":false,"isRetVal":true,"isBasicType":false}],"ResourceOpId":"9c9bd89d-60c2-4a23-8d6d-d3992842a533&^^&BatchDeleteAndSave","Transaction":false,"AssemblyInfo":null,"Extend1":"Basic","Extend2":null,"isDeprecated":false},{"Id":"9c9bd89d-60c2-4a23-8d6d-d3992842a533&^^&Update","Code":"Update","Name":"修改","Description":"修改","HttpMethod":"PATCH","Template":"","Parameters":[{"Id":"9c9bd89d-60c2-4a23-8d6d-d3992842a533&^^&RequestInfo","Code":"requestInfo","Name":"请求信息","Description":"请求信息","ModelId":"9c9bd89d-60c2-4a23-8d6d-d3992842a533&^^&RequestInfo","ModelCode":"RequestInfo","ModelName":"RequestInfo","RefId":"9c9bd89d-60c2-4a23-8d6d-d3992842a533&^^&RequestInfo","RefCode":"RequestInfo","RefName":"RequestInfo","RefPath":null,"RefFileName":null,"ModelType":1,"In":"Body","IsRequired":false,"ListDeepth":0,"isCollection":false,"isRetVal":false,"isBasicType":false},{"Id":"9c9bd89d-60c2-4a23-8d6d-d3992842a533&^^&UpdateParam","Code":"changeDetail","Name":"数据变更集","Description":"数据变更集","ModelId":"9c9bd89d-60c2-4a23-8d6d-d3992842a533&^^&ChangeDetail","ModelCode":"ChangeDetail","ModelName":"ChangeDetail","RefId":"9c9bd89d-60c2-4a23-8d6d-d3992842a533&^^&ChangeDetail","RefCode":"ChangeDetail","RefName":"ChangeDetail","RefPath":null,"RefFileName":null,"ModelType":1,"In":"Body","IsRequired":true,"ListDeepth":0,"isCollection":false,"isRetVal":false,"isBasicType":false},{"Id":"9c9bd89d-60c2-4a23-8d6d-d3992842a533&^^&ResponseInfo","Code":"responseInfo","Name":"响应信息","Description":"响应信息","ModelId":"9c9bd89d-60c2-4a23-8d6d-d3992842a533&^^&ResponseInfo","ModelCode":"ResponseInfo","ModelName":"ResponseInfo","RefId":"9c9bd89d-60c2-4a23-8d6d-d3992842a533&^^&ResponseInfo","RefCode":"ResponseInfo","RefName":"ResponseInfo","RefPath":null,"RefFileName":null,"ModelType":1,"In":"","IsRequired":true,"ListDeepth":0,"isCollection":false,"isRetVal":true,"isBasicType":false}],"ResourceOpId":"9c9bd89d-60c2-4a23-8d6d-d3992842a533&^^&Update","Transaction":false,"AssemblyInfo":null,"Extend1":"Basic","Extend2":null,"isDeprecated":false},{"Id":"9c9bd89d-60c2-4a23-8d6d-d3992842a533&^^&Retrieve","Code":"Retrieve","Name":"数据检索","Description":"数据检索","HttpMethod":"GET","Template":"/{dataId}","Parameters":[{"Id":"9c9bd89d-60c2-4a23-8d6d-d3992842a533&^^&RetrieveParam","Code":"dataId","Name":"单据内码","Description":"单据内码","ModelId":"string","ModelCode":null,"ModelName":"string","RefId":null,"RefCode":null,"RefName":null,"RefPath":null,"RefFileName":null,"ModelType":0,"In":"Path","IsRequired":true,"ListDeepth":0,"isCollection":false,"isRetVal":false,"isBasicType":true},{"Id":"9c9bd89d-60c2-4a23-8d6d-d3992842a533&^^&RetrieveParam1","Code":"ROBXD","Name":"报销单","Description":"实体模型","ModelId":"9c9bd89d-60c2-4a23-8d6d-d3992842a533","ModelCode":"ROBXDZD_frm","ModelName":"报销单制单_frm","RefId":"3b8e3c59-557d-44d4-b6c3-11e5e1adb054","RefCode":"ROBXD","RefName":"报销单","RefPath":null,"RefFileName":null,"ModelType":0,"In":"","IsRequired":true,"ListDeepth":0,"isCollection":false,"isRetVal":true,"isBasicType":false}],"ResourceOpId":"9c9bd89d-60c2-4a23-8d6d-d3992842a533&^^&Retrieve","Transaction":false,"AssemblyInfo":null,"Extend1":"Basic","Extend2":null,"isDeprecated":false},{"Id":"9c9bd89d-60c2-4a23-8d6d-d3992842a533&^^&RetrieveWithChildPagination","Code":"RetrieveWithChildPagination","Name":"数据检索","Description":"数据检索(包含子表数据)","HttpMethod":"PUT","Template":"/service/retrieve/{dataId}","Parameters":[{"Id":"9c9bd89d-60c2-4a23-8d6d-d3992842a533&^^&RequestInfo","Code":"requestInfo","Name":"请求信息","Description":"请求信息","ModelId":"9c9bd89d-60c2-4a23-8d6d-d3992842a533&^^&RequestInfo","ModelCode":"RequestInfo","ModelName":"RequestInfo","RefId":"9c9bd89d-60c2-4a23-8d6d-d3992842a533&^^&RequestInfo","RefCode":"RequestInfo","RefName":"RequestInfo","RefPath":null,"RefFileName":null,"ModelType":1,"In":"Body","IsRequired":false,"ListDeepth":0,"isCollection":false,"isRetVal":false,"isBasicType":false},{"Id":"9c9bd89d-60c2-4a23-8d6d-d3992842a533&^^&dataId","Code":"dataId","Name":"单据内码","Description":"单据内码","ModelId":"string","ModelCode":null,"ModelName":"string","RefId":null,"RefCode":null,"RefName":null,"RefPath":null,"RefFileName":null,"ModelType":0,"In":"Path","IsRequired":true,"ListDeepth":0,"isCollection":false,"isRetVal":false,"isBasicType":true},{"Id":"9c9bd89d-60c2-4a23-8d6d-d3992842a533&^^&retrieveParam","Code":"retrieveParam","Name":"查询参数","Description":"查询参数","ModelId":"9c9bd89d-60c2-4a23-8d6d-d3992842a533&^^&RetrieveParam","ModelCode":"RetrieveParam","ModelName":"RetrieveParam","RefId":"9c9bd89d-60c2-4a23-8d6d-d3992842a533&^^&RetrieveParam","RefCode":"RetrieveParam","RefName":"RetrieveParam","RefPath":null,"RefFileName":null,"ModelType":1,"In":"Body","IsRequired":true,"ListDeepth":0,"isCollection":false,"isRetVal":false,"isBasicType":false},{"Id":"9c9bd89d-60c2-4a23-8d6d-d3992842a533&^^&ResponseInfo","Code":"responseInfo","Name":"响应信息","Description":"响应信息","ModelId":"9c9bd89d-60c2-4a23-8d6d-d3992842a533&^^&ResponseInfo","ModelCode":"ResponseInfo","ModelName":"ResponseInfo","RefId":"9c9bd89d-60c2-4a23-8d6d-d3992842a533&^^&ResponseInfo","RefCode":"ResponseInfo","RefName":"ResponseInfo","RefPath":null,"RefFileName":null,"ModelType":1,"In":"","IsRequired":true,"ListDeepth":0,"isCollection":false,"isRetVal":true,"isBasicType":false}],"ResourceOpId":"9c9bd89d-60c2-4a23-8d6d-d3992842a533&^^&RetrieveWithChildPagination","Transaction":false,"AssemblyInfo":null,"Extend1":"Basic","Extend2":null,"isDeprecated":false},{"Id":"9c9bd89d-60c2-4a23-8d6d-d3992842a533&^^&QueryChild","Code":"QueryChild","Name":"子表查询","Description":"子表数据查询","HttpMethod":"PUT","Template":"/service/querychild","Parameters":[{"Id":"9c9bd89d-60c2-4a23-8d6d-d3992842a533&^^&RequestInfo","Code":"requestInfo","Name":"请求信息","Description":"请求信息","ModelId":"9c9bd89d-60c2-4a23-8d6d-d3992842a533&^^&RequestInfo","ModelCode":"RequestInfo","ModelName":"RequestInfo","RefId":"9c9bd89d-60c2-4a23-8d6d-d3992842a533&^^&RequestInfo","RefCode":"RequestInfo","RefName":"RequestInfo","RefPath":null,"RefFileName":null,"ModelType":1,"In":"Body","IsRequired":false,"ListDeepth":0,"isCollection":false,"isRetVal":false,"isBasicType":false},{"Id":"9c9bd89d-60c2-4a23-8d6d-d3992842a533&^^&nodeCodes","Code":"nodeCodes","Name":"节点编号列表","Description":"节点编号列表","ModelId":"string","ModelCode":null,"ModelName":"string","RefId":null,"RefCode":null,"RefName":null,"RefPath":null,"RefFileName":null,"ModelType":0,"In":"Body","IsRequired":true,"ListDeepth":1,"isCollection":true,"isRetVal":false,"isBasicType":true},{"Id":"9c9bd89d-60c2-4a23-8d6d-d3992842a533&^^&ids","Code":"ids","Name":"内码列表","Description":"内码列表","ModelId":"string","ModelCode":null,"ModelName":"string","RefId":null,"RefCode":null,"RefName":null,"RefPath":null,"RefFileName":null,"ModelType":0,"In":"Body","IsRequired":true,"ListDeepth":1,"isCollection":true,"isRetVal":false,"isBasicType":true},{"Id":"9c9bd89d-60c2-4a23-8d6d-d3992842a533&^^&pagination","Code":"pagination","Name":"分页信息","Description":"分页信息","ModelId":"9c9bd89d-60c2-4a23-8d6d-d3992842a533&^^&Pagination","ModelCode":"Pagination","ModelName":"Pagination","RefId":"9c9bd89d-60c2-4a23-8d6d-d3992842a533&^^&Pagination","RefCode":"Pagination","RefName":"Pagination","RefPath":null,"RefFileName":null,"ModelType":1,"In":"Body","IsRequired":true,"ListDeepth":0,"isCollection":false,"isRetVal":false,"isBasicType":false},{"Id":"9c9bd89d-60c2-4a23-8d6d-d3992842a533&^^&ResponseInfo","Code":"responseInfo","Name":"响应信息","Description":"响应信息","ModelId":"9c9bd89d-60c2-4a23-8d6d-d3992842a533&^^&ResponseInfo","ModelCode":"ResponseInfo","ModelName":"ResponseInfo","RefId":"9c9bd89d-60c2-4a23-8d6d-d3992842a533&^^&ResponseInfo","RefCode":"ResponseInfo","RefName":"ResponseInfo","RefPath":null,"RefFileName":null,"ModelType":1,"In":"","IsRequired":true,"ListDeepth":0,"isCollection":false,"isRetVal":true,"isBasicType":false}],"ResourceOpId":"9c9bd89d-60c2-4a23-8d6d-d3992842a533&^^&QueryChild","Transaction":false,"AssemblyInfo":null,"Extend1":"Basic","Extend2":null,"isDeprecated":false},{"Id":"9c9bd89d-60c2-4a23-8d6d-d3992842a533&^^&Query","Code":"Query","Name":"过滤查询","Description":"过滤查询","HttpMethod":"GET","Template":"","Parameters":[{"Id":"9c9bd89d-60c2-4a23-8d6d-d3992842a533&^^&EntityFilterParam","Code":"entityFilter","Name":"过滤条件","Description":"过滤条件","ModelId":"string","ModelCode":null,"ModelName":"string","RefId":null,"RefCode":null,"RefName":null,"RefPath":null,"RefFileName":null,"ModelType":0,"In":"Query","IsRequired":true,"ListDeepth":0,"isCollection":false,"isRetVal":false,"isBasicType":true},{"Id":"9c9bd89d-60c2-4a23-8d6d-d3992842a533&^^&QueryParam","Code":"ROBXD","Name":"报销单","Description":"实体模型","ModelId":"9c9bd89d-60c2-4a23-8d6d-d3992842a533","ModelCode":"ROBXDZD_frm","ModelName":"报销单制单_frm","RefId":"3b8e3c59-557d-44d4-b6c3-11e5e1adb054","RefCode":"ROBXD","RefName":"报销单","RefPath":null,"RefFileName":null,"ModelType":0,"In":"","IsRequired":true,"ListDeepth":1,"isCollection":true,"isRetVal":true,"isBasicType":false}],"ResourceOpId":"9c9bd89d-60c2-4a23-8d6d-d3992842a533&^^&Query","Transaction":false,"AssemblyInfo":null,"Extend1":"Basic","Extend2":null,"isDeprecated":false},{"Id":"9c9bd89d-60c2-4a23-8d6d-d3992842a533&^^&Save","Code":"Save","Name":"保存","Description":"保存","HttpMethod":"PUT","Template":"","Parameters":[{"Id":"9c9bd89d-60c2-4a23-8d6d-d3992842a533&^^&RequestInfo","Code":"requestInfo","Name":"请求信息","Description":"请求信息","ModelId":"9c9bd89d-60c2-4a23-8d6d-d3992842a533&^^&RequestInfo","ModelCode":"RequestInfo","ModelName":"RequestInfo","RefId":"9c9bd89d-60c2-4a23-8d6d-d3992842a533&^^&RequestInfo","RefCode":"RequestInfo","RefName":"RequestInfo","RefPath":null,"RefFileName":null,"ModelType":1,"In":"Body","IsRequired":false,"ListDeepth":0,"isCollection":false,"isRetVal":false,"isBasicType":false},{"Id":"9c9bd89d-60c2-4a23-8d6d-d3992842a533&^^&ResponseInfo","Code":"responseInfo","Name":"响应信息","Description":"响应信息","ModelId":"9c9bd89d-60c2-4a23-8d6d-d3992842a533&^^&ResponseInfo","ModelCode":"ResponseInfo","ModelName":"ResponseInfo","RefId":"9c9bd89d-60c2-4a23-8d6d-d3992842a533&^^&ResponseInfo","RefCode":"ResponseInfo","RefName":"ResponseInfo","RefPath":null,"RefFileName":null,"ModelType":1,"In":"","IsRequired":true,"ListDeepth":0,"isCollection":false,"isRetVal":true,"isBasicType":false}],"ResourceOpId":"9c9bd89d-60c2-4a23-8d6d-d3992842a533&^^&Save","Transaction":false,"AssemblyInfo":null,"Extend1":"Basic","Extend2":null,"isDeprecated":false},{"Id":"9c9bd89d-60c2-4a23-8d6d-d3992842a533&^^&Cancel","Code":"Cancel","Name":"取消","Description":"取消","HttpMethod":"POST","Template":"service/cancel","Parameters":null,"ResourceOpId":"9c9bd89d-60c2-4a23-8d6d-d3992842a533&^^&Cancel","Transaction":false,"AssemblyInfo":null,"Extend1":"Basic","Extend2":null,"isDeprecated":false},{"Id":"9c9bd89d-60c2-4a23-8d6d-d3992842a533&^^&ElementHelp","Code":"GetElementHelp","Name":"获取字段帮助","Description":"根据labelId获取字段帮助","HttpMethod":"GET","Template":"elementhelps/{labelId}","Parameters":[{"Id":"9c9bd89d-60c2-4a23-8d6d-d3992842a533&^^&labelIdParam","Code":"labelId","Name":"标签Id","Description":"标签内码","ModelId":"string","ModelCode":null,"ModelName":"string","RefId":null,"RefCode":null,"RefName":null,"RefPath":null,"RefFileName":null,"ModelType":0,"In":"Path","IsRequired":true,"ListDeepth":0,"isCollection":false,"isRetVal":false,"isBasicType":true},{"Id":"9c9bd89d-60c2-4a23-8d6d-d3992842a533&^^&nodeCodeParam","Code":"nodeCode","Name":"节点编号","Description":"节点编号","ModelId":"string","ModelCode":null,"ModelName":"string","RefId":null,"RefCode":null,"RefName":null,"RefPath":null,"RefFileName":null,"ModelType":0,"In":"Query","IsRequired":true,"ListDeepth":0,"isCollection":false,"isRetVal":false,"isBasicType":true},{"Id":"9c9bd89d-60c2-4a23-8d6d-d3992842a533&^^&queryParam","Code":"queryParam","Name":"查询参数","Description":"查询参数","ModelId":"string","ModelCode":null,"ModelName":"string","RefId":null,"RefCode":null,"RefName":null,"RefPath":null,"RefFileName":null,"ModelType":0,"In":"Query","IsRequired":true,"ListDeepth":0,"isCollection":false,"isRetVal":false,"isBasicType":true},{"Id":"9c9bd89d-60c2-4a23-8d6d-d3992842a533&^^&ElementHelpRetParam","Code":"return","Name":"返回值","Description":"返回值","ModelId":"9c9bd89d-60c2-4a23-8d6d-d3992842a533&^^&LookupResult","ModelCode":"LookupResult","ModelName":"LookupResult","RefId":"9c9bd89d-60c2-4a23-8d6d-d3992842a533&^^&LookupResult","RefCode":"LookupResult","RefName":"LookupResult","RefPath":null,"RefFileName":null,"ModelType":1,"In":"","IsRequired":true,"ListDeepth":0,"isCollection":false,"isRetVal":true,"isBasicType":false}],"ResourceOpId":"9c9bd89d-60c2-4a23-8d6d-d3992842a533&^^&ElementHelp","Transaction":false,"AssemblyInfo":null,"Extend1":"Basic","Extend2":null,"isDeprecated":false},{"Id":"9c9bd89d-60c2-4a23-8d6d-d3992842a533&^^&CreateChild##BXMX","Code":"CreateChild_BXMX","Name":"新增从表BXMX数据","Description":"新增从表BXMX数据","HttpMethod":"POST","Template":"/{rootId}/bxmx","Parameters":[{"Id":"9c9bd89d-60c2-4a23-8d6d-d3992842a533&^^&RequestInfo","Code":"requestInfo","Name":"请求信息","Description":"请求信息","ModelId":"9c9bd89d-60c2-4a23-8d6d-d3992842a533&^^&RequestInfo","ModelCode":"RequestInfo","ModelName":"RequestInfo","RefId":"9c9bd89d-60c2-4a23-8d6d-d3992842a533&^^&RequestInfo","RefCode":"RequestInfo","RefName":"RequestInfo","RefPath":null,"RefFileName":null,"ModelType":1,"In":"Body","IsRequired":false,"ListDeepth":0,"isCollection":false,"isRetVal":false,"isBasicType":false},{"Id":"9c9bd89d-60c2-4a23-8d6d-d3992842a533rootId","Code":"rootId","Name":"主表root数据ID","Description":"主表root数据的所属实体数据的唯一标识","ModelId":"string","ModelCode":null,"ModelName":"string","RefId":null,"RefCode":null,"RefName":null,"RefPath":null,"RefFileName":null,"ModelType":0,"In":"Path","IsRequired":true,"ListDeepth":0,"isCollection":false,"isRetVal":false,"isBasicType":true},{"Id":"9c9bd89d-60c2-4a23-8d6d-d3992842a533&^^&ResponseInfo","Code":"responseInfo","Name":"响应信息","Description":"响应信息","ModelId":"9c9bd89d-60c2-4a23-8d6d-d3992842a533&^^&ResponseInfo","ModelCode":"ResponseInfo","ModelName":"ResponseInfo","RefId":"9c9bd89d-60c2-4a23-8d6d-d3992842a533&^^&ResponseInfo","RefCode":"ResponseInfo","RefName":"ResponseInfo","RefPath":null,"RefFileName":null,"ModelType":1,"In":"","IsRequired":true,"ListDeepth":0,"isCollection":false,"isRetVal":true,"isBasicType":false}],"ResourceOpId":"9c9bd89d-60c2-4a23-8d6d-d3992842a533&^^&CreateChild##BXMX","Transaction":false,"AssemblyInfo":null,"Extend1":"Basic","Extend2":"BXMX","isDeprecated":false},{"Id":"9c9bd89d-60c2-4a23-8d6d-d3992842a533&^^&CreateChild##BXFJ","Code":"CreateChild_BXFJ","Name":"新增从表BXFJ数据","Description":"新增从表BXFJ数据","HttpMethod":"POST","Template":"/{rootId}/bxfj","Parameters":[{"Id":"9c9bd89d-60c2-4a23-8d6d-d3992842a533&^^&RequestInfo","Code":"requestInfo","Name":"请求信息","Description":"请求信息","ModelId":"9c9bd89d-60c2-4a23-8d6d-d3992842a533&^^&RequestInfo","ModelCode":"RequestInfo","ModelName":"RequestInfo","RefId":"9c9bd89d-60c2-4a23-8d6d-d3992842a533&^^&RequestInfo","RefCode":"RequestInfo","RefName":"RequestInfo","RefPath":null,"RefFileName":null,"ModelType":1,"In":"Body","IsRequired":false,"ListDeepth":0,"isCollection":false,"isRetVal":false,"isBasicType":false},{"Id":"9c9bd89d-60c2-4a23-8d6d-d3992842a533rootId","Code":"rootId","Name":"主表root数据ID","Description":"主表root数据的所属实体数据的唯一标识","ModelId":"string","ModelCode":null,"ModelName":"string","RefId":null,"RefCode":null,"RefName":null,"RefPath":null,"RefFileName":null,"ModelType":0,"In":"Path","IsRequired":true,"ListDeepth":0,"isCollection":false,"isRetVal":false,"isBasicType":true},{"Id":"9c9bd89d-60c2-4a23-8d6d-d3992842a533&^^&ResponseInfo","Code":"responseInfo","Name":"响应信息","Description":"响应信息","ModelId":"9c9bd89d-60c2-4a23-8d6d-d3992842a533&^^&ResponseInfo","ModelCode":"ResponseInfo","ModelName":"ResponseInfo","RefId":"9c9bd89d-60c2-4a23-8d6d-d3992842a533&^^&ResponseInfo","RefCode":"ResponseInfo","RefName":"ResponseInfo","RefPath":null,"RefFileName":null,"ModelType":1,"In":"","IsRequired":true,"ListDeepth":0,"isCollection":false,"isRetVal":true,"isBasicType":false}],"ResourceOpId":"9c9bd89d-60c2-4a23-8d6d-d3992842a533&^^&CreateChild##BXFJ","Transaction":false,"AssemblyInfo":null,"Extend1":"Basic","Extend2":"BXFJ","isDeprecated":false},{"Id":"9c9bd89d-60c2-4a23-8d6d-d3992842a533&^^&BatchCreateChild##BXMX","Code":"BatchCreateChild_BXMX","Name":"批量新增从表BXMX数据","Description":"批量新增从表BXMX数据","HttpMethod":"POST","Template":"/{rootId}/bxmx/batch","Parameters":[{"Id":"9c9bd89d-60c2-4a23-8d6d-d3992842a533&^^&RequestInfo","Code":"requestInfo","Name":"请求信息","Description":"请求信息","ModelId":"9c9bd89d-60c2-4a23-8d6d-d3992842a533&^^&RequestInfo","ModelCode":"RequestInfo","ModelName":"RequestInfo","RefId":"9c9bd89d-60c2-4a23-8d6d-d3992842a533&^^&RequestInfo","RefCode":"RequestInfo","RefName":"RequestInfo","RefPath":null,"RefFileName":null,"ModelType":1,"In":"Body","IsRequired":false,"ListDeepth":0,"isCollection":false,"isRetVal":false,"isBasicType":false},{"Id":"9c9bd89d-60c2-4a23-8d6d-d3992842a533rootId","Code":"rootId","Name":"主表root数据ID","Description":"主表root数据的所属实体数据的唯一标识","ModelId":"string","ModelCode":null,"ModelName":"string","RefId":null,"RefCode":null,"RefName":null,"RefPath":null,"RefFileName":null,"ModelType":0,"In":"Path","IsRequired":true,"ListDeepth":0,"isCollection":false,"isRetVal":false,"isBasicType":true},{"Id":"9c9bd89d-60c2-4a23-8d6d-d3992842a533&^^&RetrieveDefaultParam","Code":"retrieveDefaultParam","Name":"默认值","Description":"批量新增从表的默认值","ModelId":"9c9bd89d-60c2-4a23-8d6d-d3992842a533&^^&RetrieveDefaultParam","ModelCode":"RetrieveDefaultParam","ModelName":"RetrieveDefaultParam","RefId":"RetrieveDefaultParam","RefCode":"RetrieveDefaultParam","RefName":"RetrieveDefaultParam","RefPath":null,"RefFileName":null,"ModelType":1,"In":"Body","IsRequired":true,"ListDeepth":0,"isCollection":false,"isRetVal":false,"isBasicType":false},{"Id":"9c9bd89d-60c2-4a23-8d6d-d3992842a533&^^&ResponseInfo","Code":"responseInfo","Name":"响应信息","Description":"响应信息","ModelId":"9c9bd89d-60c2-4a23-8d6d-d3992842a533&^^&ResponseInfo","ModelCode":"ResponseInfo","ModelName":"ResponseInfo","RefId":"9c9bd89d-60c2-4a23-8d6d-d3992842a533&^^&ResponseInfo","RefCode":"ResponseInfo","RefName":"ResponseInfo","RefPath":null,"RefFileName":null,"ModelType":1,"In":"","IsRequired":true,"ListDeepth":0,"isCollection":false,"isRetVal":true,"isBasicType":false}],"ResourceOpId":"9c9bd89d-60c2-4a23-8d6d-d3992842a533&^^&BatchCreateChild##BXMX","Transaction":false,"AssemblyInfo":null,"Extend1":"Basic","Extend2":"BXMX","isDeprecated":false},{"Id":"9c9bd89d-60c2-4a23-8d6d-d3992842a533&^^&BatchCreateChild##BXFJ","Code":"BatchCreateChild_BXFJ","Name":"批量新增从表BXFJ数据","Description":"批量新增从表BXFJ数据","HttpMethod":"POST","Template":"/{rootId}/bxfj/batch","Parameters":[{"Id":"9c9bd89d-60c2-4a23-8d6d-d3992842a533&^^&RequestInfo","Code":"requestInfo","Name":"请求信息","Description":"请求信息","ModelId":"9c9bd89d-60c2-4a23-8d6d-d3992842a533&^^&RequestInfo","ModelCode":"RequestInfo","ModelName":"RequestInfo","RefId":"9c9bd89d-60c2-4a23-8d6d-d3992842a533&^^&RequestInfo","RefCode":"RequestInfo","RefName":"RequestInfo","RefPath":null,"RefFileName":null,"ModelType":1,"In":"Body","IsRequired":false,"ListDeepth":0,"isCollection":false,"isRetVal":false,"isBasicType":false},{"Id":"9c9bd89d-60c2-4a23-8d6d-d3992842a533rootId","Code":"rootId","Name":"主表root数据ID","Description":"主表root数据的所属实体数据的唯一标识","ModelId":"string","ModelCode":null,"ModelName":"string","RefId":null,"RefCode":null,"RefName":null,"RefPath":null,"RefFileName":null,"ModelType":0,"In":"Path","IsRequired":true,"ListDeepth":0,"isCollection":false,"isRetVal":false,"isBasicType":true},{"Id":"9c9bd89d-60c2-4a23-8d6d-d3992842a533&^^&RetrieveDefaultParam","Code":"retrieveDefaultParam","Name":"默认值","Description":"批量新增从表的默认值","ModelId":"9c9bd89d-60c2-4a23-8d6d-d3992842a533&^^&RetrieveDefaultParam","ModelCode":"RetrieveDefaultParam","ModelName":"RetrieveDefaultParam","RefId":"RetrieveDefaultParam","RefCode":"RetrieveDefaultParam","RefName":"RetrieveDefaultParam","RefPath":null,"RefFileName":null,"ModelType":1,"In":"Body","IsRequired":true,"ListDeepth":0,"isCollection":false,"isRetVal":false,"isBasicType":false},{"Id":"9c9bd89d-60c2-4a23-8d6d-d3992842a533&^^&ResponseInfo","Code":"responseInfo","Name":"响应信息","Description":"响应信息","ModelId":"9c9bd89d-60c2-4a23-8d6d-d3992842a533&^^&ResponseInfo","ModelCode":"ResponseInfo","ModelName":"ResponseInfo","RefId":"9c9bd89d-60c2-4a23-8d6d-d3992842a533&^^&ResponseInfo","RefCode":"ResponseInfo","RefName":"ResponseInfo","RefPath":null,"RefFileName":null,"ModelType":1,"In":"","IsRequired":true,"ListDeepth":0,"isCollection":false,"isRetVal":true,"isBasicType":false}],"ResourceOpId":"9c9bd89d-60c2-4a23-8d6d-d3992842a533&^^&BatchCreateChild##BXFJ","Transaction":false,"AssemblyInfo":null,"Extend1":"Basic","Extend2":"BXFJ","isDeprecated":false},{"Id":"9c9bd89d-60c2-4a23-8d6d-d3992842a533&^^&DeleteChild##BXMX","Code":"DeleteChild_BXMX","Name":"删除从表BXMX数据","Description":"删除从表BXMX数据","HttpMethod":"DELETE","Template":"/{rootId}/bxmx/{bxmxId}","Parameters":[{"Id":"9c9bd89d-60c2-4a23-8d6d-d3992842a533rootId","Code":"rootId","Name":"主表root数据ID","Description":"主表root数据的所属实体数据的唯一标识","ModelId":"string","ModelCode":null,"ModelName":"string","RefId":null,"RefCode":null,"RefName":null,"RefPath":null,"RefFileName":null,"ModelType":0,"In":"Path","IsRequired":true,"ListDeepth":0,"isCollection":false,"isRetVal":false,"isBasicType":true},{"Id":"9c9bd89d-60c2-4a23-8d6d-d3992842a533bxmxId","Code":"bxmxId","Name":"从表bxmx数据ID","Description":"从表bxmx数据的所属实体数据的唯一标识","ModelId":"string","ModelCode":null,"ModelName":"string","RefId":null,"RefCode":null,"RefName":null,"RefPath":null,"RefFileName":null,"ModelType":0,"In":"Path","IsRequired":true,"ListDeepth":0,"isCollection":false,"isRetVal":false,"isBasicType":true}],"ResourceOpId":"9c9bd89d-60c2-4a23-8d6d-d3992842a533&^^&DeleteChild##BXMX","Transaction":false,"AssemblyInfo":null,"Extend1":"Basic","Extend2":"BXMX","isDeprecated":false},{"Id":"9c9bd89d-60c2-4a23-8d6d-d3992842a533&^^&DeleteChild##BXFJ","Code":"DeleteChild_BXFJ","Name":"删除从表BXFJ数据","Description":"删除从表BXFJ数据","HttpMethod":"DELETE","Template":"/{rootId}/bxfj/{bxfjId}","Parameters":[{"Id":"9c9bd89d-60c2-4a23-8d6d-d3992842a533rootId","Code":"rootId","Name":"主表root数据ID","Description":"主表root数据的所属实体数据的唯一标识","ModelId":"string","ModelCode":null,"ModelName":"string","RefId":null,"RefCode":null,"RefName":null,"RefPath":null,"RefFileName":null,"ModelType":0,"In":"Path","IsRequired":true,"ListDeepth":0,"isCollection":false,"isRetVal":false,"isBasicType":true},{"Id":"9c9bd89d-60c2-4a23-8d6d-d3992842a533bxfjId","Code":"bxfjId","Name":"从表bxfj数据ID","Description":"从表bxfj数据的所属实体数据的唯一标识","ModelId":"string","ModelCode":null,"ModelName":"string","RefId":null,"RefCode":null,"RefName":null,"RefPath":null,"RefFileName":null,"ModelType":0,"In":"Path","IsRequired":true,"ListDeepth":0,"isCollection":false,"isRetVal":false,"isBasicType":true}],"ResourceOpId":"9c9bd89d-60c2-4a23-8d6d-d3992842a533&^^&DeleteChild##BXFJ","Transaction":false,"AssemblyInfo":null,"Extend1":"Basic","Extend2":"BXFJ","isDeprecated":false},{"Id":"9c9bd89d-60c2-4a23-8d6d-d3992842a533&^^&Extend_Delete","Code":"Extend_Delete","Name":"扩展删除","Description":"扩展删除","HttpMethod":"PUT","Template":"/extension/delete/{dataId}","Parameters":[{"Id":"9c9bd89d-60c2-4a23-8d6d-d3992842a533&^^&RequestInfo","Code":"requestInfo","Name":"请求信息","Description":"请求信息","ModelId":"9c9bd89d-60c2-4a23-8d6d-d3992842a533&^^&RequestInfo","ModelCode":"RequestInfo","ModelName":"RequestInfo","RefId":"9c9bd89d-60c2-4a23-8d6d-d3992842a533&^^&RequestInfo","RefCode":"RequestInfo","RefName":"RequestInfo","RefPath":null,"RefFileName":null,"ModelType":1,"In":"Body","IsRequired":false,"ListDeepth":0,"isCollection":false,"isRetVal":false,"isBasicType":false},{"Id":"9c9bd89d-60c2-4a23-8d6d-d3992842a533&^^&DeleteParam","Code":"dataId","Name":"单据内码","Description":"单据内码","ModelId":"string","ModelCode":null,"ModelName":"string","RefId":null,"RefCode":null,"RefName":null,"RefPath":null,"RefFileName":null,"ModelType":0,"In":"Path","IsRequired":false,"ListDeepth":0,"isCollection":false,"isRetVal":false,"isBasicType":true},{"Id":"9c9bd89d-60c2-4a23-8d6d-d3992842a533&^^&ResponseInfo","Code":"responseInfo","Name":"响应信息","Description":"响应信息","ModelId":"9c9bd89d-60c2-4a23-8d6d-d3992842a533&^^&ResponseInfo","ModelCode":"ResponseInfo","ModelName":"ResponseInfo","RefId":"9c9bd89d-60c2-4a23-8d6d-d3992842a533&^^&ResponseInfo","RefCode":"ResponseInfo","RefName":"ResponseInfo","RefPath":null,"RefFileName":null,"ModelType":1,"In":"","IsRequired":true,"ListDeepth":0,"isCollection":false,"isRetVal":true,"isBasicType":false}],"ResourceOpId":"9c9bd89d-60c2-4a23-8d6d-d3992842a533&^^&Extend_Delete","Transaction":false,"AssemblyInfo":null,"Extend1":"Basic","Extend2":null,"isDeprecated":false},{"Id":"9c9bd89d-60c2-4a23-8d6d-d3992842a533&^^&Extend_BatchDelete","Code":"Extend_BatchDelete","Name":"扩展批量删除","Description":"扩展批量删除","HttpMethod":"PUT","Template":"/extension/batchdelete","Parameters":[{"Id":"9c9bd89d-60c2-4a23-8d6d-d3992842a533&^^&RequestInfo","Code":"requestInfo","Name":"请求信息","Description":"请求信息","ModelId":"9c9bd89d-60c2-4a23-8d6d-d3992842a533&^^&RequestInfo","ModelCode":"RequestInfo","ModelName":"RequestInfo","RefId":"9c9bd89d-60c2-4a23-8d6d-d3992842a533&^^&RequestInfo","RefCode":"RequestInfo","RefName":"RequestInfo","RefPath":null,"RefFileName":null,"ModelType":1,"In":"Body","IsRequired":false,"ListDeepth":0,"isCollection":false,"isRetVal":false,"isBasicType":false},{"Id":"9c9bd89d-60c2-4a23-8d6d-d3992842a533&^^&BatchDeleteParam","Code":"ids","Name":"单据内码列表","Description":"单据内码列表","ModelId":"string","ModelCode":null,"ModelName":"string","RefId":null,"RefCode":null,"RefName":null,"RefPath":null,"RefFileName":null,"ModelType":0,"In":"Query","IsRequired":true,"ListDeepth":0,"isCollection":false,"isRetVal":false,"isBasicType":true},{"Id":"9c9bd89d-60c2-4a23-8d6d-d3992842a533&^^&ResponseInfo","Code":"responseInfo","Name":"响应信息","Description":"响应信息","ModelId":"9c9bd89d-60c2-4a23-8d6d-d3992842a533&^^&ResponseInfo","ModelCode":"ResponseInfo","ModelName":"ResponseInfo","RefId":"9c9bd89d-60c2-4a23-8d6d-d3992842a533&^^&ResponseInfo","RefCode":"ResponseInfo","RefName":"ResponseInfo","RefPath":null,"RefFileName":null,"ModelType":1,"In":"","IsRequired":true,"ListDeepth":0,"isCollection":false,"isRetVal":true,"isBasicType":false}],"ResourceOpId":"9c9bd89d-60c2-4a23-8d6d-d3992842a533&^^&Extend_BatchDelete","Transaction":false,"AssemblyInfo":null,"Extend1":"Basic","Extend2":null,"isDeprecated":false},{"Id":"9c9bd89d-60c2-4a23-8d6d-d3992842a533&^^&Extension_BatchDeletion","Code":"Extension_BatchDeletion","Name":"扩展批量删除","Description":"扩展批量删除","HttpMethod":"PUT","Template":"/extension/batchdeletion","Parameters":[{"Id":"9c9bd89d-60c2-4a23-8d6d-d3992842a533&^^&RequestInfo","Code":"requestInfo","Name":"请求信息","Description":"请求信息","ModelId":"9c9bd89d-60c2-4a23-8d6d-d3992842a533&^^&RequestInfo","ModelCode":"RequestInfo","ModelName":"RequestInfo","RefId":"9c9bd89d-60c2-4a23-8d6d-d3992842a533&^^&RequestInfo","RefCode":"RequestInfo","RefName":"RequestInfo","RefPath":null,"RefFileName":null,"ModelType":1,"In":"Body","IsRequired":false,"ListDeepth":0,"isCollection":false,"isRetVal":false,"isBasicType":false},{"Id":"9c9bd89d-60c2-4a23-8d6d-d3992842a533&^^&Ids","Code":"ids","Name":"单据内码集合","Description":"批量删除的内码集合","ModelId":"string","ModelCode":null,"ModelName":"string","RefId":null,"RefCode":null,"RefName":null,"RefPath":null,"RefFileName":null,"ModelType":0,"In":"Body","IsRequired":true,"ListDeepth":1,"isCollection":true,"isRetVal":false,"isBasicType":true},{"Id":"9c9bd89d-60c2-4a23-8d6d-d3992842a533&^^&ResponseInfo","Code":"responseInfo","Name":"响应信息","Description":"响应信息","ModelId":"9c9bd89d-60c2-4a23-8d6d-d3992842a533&^^&ResponseInfo","ModelCode":"ResponseInfo","ModelName":"ResponseInfo","RefId":"9c9bd89d-60c2-4a23-8d6d-d3992842a533&^^&ResponseInfo","RefCode":"ResponseInfo","RefName":"ResponseInfo","RefPath":null,"RefFileName":null,"ModelType":1,"In":"","IsRequired":true,"ListDeepth":0,"isCollection":false,"isRetVal":true,"isBasicType":false}],"ResourceOpId":"9c9bd89d-60c2-4a23-8d6d-d3992842a533&^^&Extension_BatchDeletion","Transaction":false,"AssemblyInfo":null,"Extend1":"Basic","Extend2":null,"isDeprecated":false},{"Id":"9c9bd89d-60c2-4a23-8d6d-d3992842a533&^^&Extend_Retrieve","Code":"Extend_Retrieve","Name":"扩展数据检索","Description":"扩展数据检索","HttpMethod":"PUT","Template":"/extension/retrieve/{dataId}","Parameters":[{"Id":"9c9bd89d-60c2-4a23-8d6d-d3992842a533&^^&RequestInfo","Code":"requestInfo","Name":"请求信息","Description":"请求信息","ModelId":"9c9bd89d-60c2-4a23-8d6d-d3992842a533&^^&RequestInfo","ModelCode":"RequestInfo","ModelName":"RequestInfo","RefId":"9c9bd89d-60c2-4a23-8d6d-d3992842a533&^^&RequestInfo","RefCode":"RequestInfo","RefName":"RequestInfo","RefPath":null,"RefFileName":null,"ModelType":1,"In":"Body","IsRequired":false,"ListDeepth":0,"isCollection":false,"isRetVal":false,"isBasicType":false},{"Id":"9c9bd89d-60c2-4a23-8d6d-d3992842a533&^^&RetrieveParam","Code":"dataId","Name":"单据内码","Description":"单据内码","ModelId":"string","ModelCode":null,"ModelName":"string","RefId":null,"RefCode":null,"RefName":null,"RefPath":null,"RefFileName":null,"ModelType":0,"In":"Path","IsRequired":true,"ListDeepth":0,"isCollection":false,"isRetVal":false,"isBasicType":true},{"Id":"9c9bd89d-60c2-4a23-8d6d-d3992842a533&^^&ResponseInfo","Code":"responseInfo","Name":"响应信息","Description":"响应信息","ModelId":"9c9bd89d-60c2-4a23-8d6d-d3992842a533&^^&ResponseInfo","ModelCode":"ResponseInfo","ModelName":"ResponseInfo","RefId":"9c9bd89d-60c2-4a23-8d6d-d3992842a533&^^&ResponseInfo","RefCode":"ResponseInfo","RefName":"ResponseInfo","RefPath":null,"RefFileName":null,"ModelType":1,"In":"","IsRequired":true,"ListDeepth":0,"isCollection":false,"isRetVal":true,"isBasicType":false}],"ResourceOpId":"9c9bd89d-60c2-4a23-8d6d-d3992842a533&^^&Extend_Retrieve","Transaction":false,"AssemblyInfo":null,"Extend1":"Basic","Extend2":null,"isDeprecated":false},{"Id":"9c9bd89d-60c2-4a23-8d6d-d3992842a533&^^&Extend_Query","Code":"Extend_Query","Name":"扩展过滤查询","Description":"扩展过滤查询","HttpMethod":"PUT","Template":"/extension/query","Parameters":[{"Id":"9c9bd89d-60c2-4a23-8d6d-d3992842a533&^^&RequestInfo","Code":"requestInfo","Name":"请求信息","Description":"请求信息","ModelId":"9c9bd89d-60c2-4a23-8d6d-d3992842a533&^^&RequestInfo","ModelCode":"RequestInfo","ModelName":"RequestInfo","RefId":"9c9bd89d-60c2-4a23-8d6d-d3992842a533&^^&RequestInfo","RefCode":"RequestInfo","RefName":"RequestInfo","RefPath":null,"RefFileName":null,"ModelType":1,"In":"Body","IsRequired":false,"ListDeepth":0,"isCollection":false,"isRetVal":false,"isBasicType":false},{"Id":"9c9bd89d-60c2-4a23-8d6d-d3992842a533&^^&EntityFilterParam","Code":"entityFilter","Name":"过滤条件","Description":"过滤条件","ModelId":"string","ModelCode":null,"ModelName":"string","RefId":null,"RefCode":null,"RefName":null,"RefPath":null,"RefFileName":null,"ModelType":0,"In":"Query","IsRequired":false,"ListDeepth":0,"isCollection":false,"isRetVal":false,"isBasicType":true},{"Id":"9c9bd89d-60c2-4a23-8d6d-d3992842a533&^^&ResponseInfo","Code":"responseInfo","Name":"响应信息","Description":"响应信息","ModelId":"9c9bd89d-60c2-4a23-8d6d-d3992842a533&^^&ResponseInfo","ModelCode":"ResponseInfo","ModelName":"ResponseInfo","RefId":"9c9bd89d-60c2-4a23-8d6d-d3992842a533&^^&ResponseInfo","RefCode":"ResponseInfo","RefName":"ResponseInfo","RefPath":null,"RefFileName":null,"ModelType":1,"In":"","IsRequired":true,"ListDeepth":0,"isCollection":false,"isRetVal":true,"isBasicType":false}],"ResourceOpId":"9c9bd89d-60c2-4a23-8d6d-d3992842a533&^^&Extend_Query","Transaction":false,"AssemblyInfo":null,"Extend1":"Basic","Extend2":null,"isDeprecated":false},{"Id":"9c9bd89d-60c2-4a23-8d6d-d3992842a533&^^&Extension_Filter","Code":"Extension_Filter","Name":"查询数据","Description":"查询数据带过滤条件","HttpMethod":"POST","Template":"/extension/filter","Parameters":[{"Id":"9c9bd89d-60c2-4a23-8d6d-d3992842a533&^^&RequestInfo","Code":"requestInfo","Name":"请求信息","Description":"请求信息","ModelId":"9c9bd89d-60c2-4a23-8d6d-d3992842a533&^^&RequestInfo","ModelCode":"RequestInfo","ModelName":"RequestInfo","RefId":"9c9bd89d-60c2-4a23-8d6d-d3992842a533&^^&RequestInfo","RefCode":"RequestInfo","RefName":"RequestInfo","RefPath":null,"RefFileName":null,"ModelType":1,"In":"Body","IsRequired":false,"ListDeepth":0,"isCollection":false,"isRetVal":false,"isBasicType":false},{"Id":"9c9bd89d-60c2-4a23-8d6d-d3992842a533&^^&EntityFilter","Code":"entityFilter","Name":"过滤条件","Description":"过滤条件","ModelId":"9c9bd89d-60c2-4a23-8d6d-d3992842a533&^^&EntityFilter","ModelCode":"EntityFilter","ModelName":"EntityFilter","RefId":"9c9bd89d-60c2-4a23-8d6d-d3992842a533&^^&EntityFilter","RefCode":"EntityFilter","RefName":"EntityFilter","RefPath":null,"RefFileName":null,"ModelType":1,"In":"Body","IsRequired":false,"ListDeepth":0,"isCollection":false,"isRetVal":false,"isBasicType":false},{"Id":"9c9bd89d-60c2-4a23-8d6d-d3992842a533&^^&ResponseInfo","Code":"responseInfo","Name":"响应信息","Description":"响应信息","ModelId":"9c9bd89d-60c2-4a23-8d6d-d3992842a533&^^&ResponseInfo","ModelCode":"ResponseInfo","ModelName":"ResponseInfo","RefId":"9c9bd89d-60c2-4a23-8d6d-d3992842a533&^^&ResponseInfo","RefCode":"ResponseInfo","RefName":"ResponseInfo","RefPath":null,"RefFileName":null,"ModelType":1,"In":"","IsRequired":true,"ListDeepth":0,"isCollection":false,"isRetVal":true,"isBasicType":false}],"ResourceOpId":"9c9bd89d-60c2-4a23-8d6d-d3992842a533&^^&Extension_Filter","Transaction":false,"AssemblyInfo":null,"Extend1":"Basic","Extend2":null,"isDeprecated":false},{"Id":"9c9bd89d-60c2-4a23-8d6d-d3992842a533&^^&Extend_ElementHelp","Code":"Extend_GetElementHelp","Name":"扩展获取字段帮助","Description":"根据labelId获取字段帮助扩展方法","HttpMethod":"PUT","Template":"/extension/elementhelps","Parameters":[{"Id":"9c9bd89d-60c2-4a23-8d6d-d3992842a533&^^&RequestInfo","Code":"requestInfo","Name":"请求信息","Description":"请求信息","ModelId":"9c9bd89d-60c2-4a23-8d6d-d3992842a533&^^&RequestInfo","ModelCode":"RequestInfo","ModelName":"RequestInfo","RefId":"9c9bd89d-60c2-4a23-8d6d-d3992842a533&^^&RequestInfo","RefCode":"RequestInfo","RefName":"RequestInfo","RefPath":null,"RefFileName":null,"ModelType":1,"In":"Body","IsRequired":false,"ListDeepth":0,"isCollection":false,"isRetVal":false,"isBasicType":false},{"Id":"9c9bd89d-60c2-4a23-8d6d-d3992842a533&^^&labelIdParam","Code":"labelId","Name":"标签Id","Description":"标签内码","ModelId":"string","ModelCode":null,"ModelName":"string","RefId":null,"RefCode":null,"RefName":null,"RefPath":null,"RefFileName":null,"ModelType":0,"In":"Body","IsRequired":true,"ListDeepth":0,"isCollection":false,"isRetVal":false,"isBasicType":true},{"Id":"9c9bd89d-60c2-4a23-8d6d-d3992842a533&^^&nodeCodeParam","Code":"nodeCode","Name":"节点编号","Description":"节点编号","ModelId":"string","ModelCode":null,"ModelName":"string","RefId":null,"RefCode":null,"RefName":null,"RefPath":null,"RefFileName":null,"ModelType":0,"In":"Body","IsRequired":true,"ListDeepth":0,"isCollection":false,"isRetVal":false,"isBasicType":true},{"Id":"9c9bd89d-60c2-4a23-8d6d-d3992842a533&^^&queryParam","Code":"queryParam","Name":"查询参数","Description":"查询参数","ModelId":"9c9bd89d-60c2-4a23-8d6d-d3992842a533&^^&LookupQueryParam","ModelCode":"LookupQueryParam","ModelName":"LookupQueryParam","RefId":"9c9bd89d-60c2-4a23-8d6d-d3992842a533&^^&LookupQueryParam","RefCode":"LookupQueryParam","RefName":"LookupQueryParam","RefPath":null,"RefFileName":null,"ModelType":1,"In":"Body","IsRequired":true,"ListDeepth":0,"isCollection":false,"isRetVal":false,"isBasicType":true},{"Id":"9c9bd89d-60c2-4a23-8d6d-d3992842a533&^^&ResponseInfo","Code":"responseInfo","Name":"响应信息","Description":"响应信息","ModelId":"9c9bd89d-60c2-4a23-8d6d-d3992842a533&^^&ResponseInfo","ModelCode":"ResponseInfo","ModelName":"ResponseInfo","RefId":"9c9bd89d-60c2-4a23-8d6d-d3992842a533&^^&ResponseInfo","RefCode":"ResponseInfo","RefName":"ResponseInfo","RefPath":null,"RefFileName":null,"ModelType":1,"In":"","IsRequired":true,"ListDeepth":0,"isCollection":false,"isRetVal":true,"isBasicType":false}],"ResourceOpId":"9c9bd89d-60c2-4a23-8d6d-d3992842a533&^^&Extend_ElementHelp","Transaction":false,"AssemblyInfo":null,"Extend1":"Basic","Extend2":null,"isDeprecated":false},{"Id":"9c9bd89d-60c2-4a23-8d6d-d3992842a533&^^&Extend_DeleteChild##BXMX","Code":"Extend_DeleteChild_BXMX","Name":"扩展删除从表BXMX数据","Description":"扩展删除从表BXMX数据","HttpMethod":"PUT","Template":"/extension/{rootId}/bxmx/{bxmxId}","Parameters":[{"Id":"9c9bd89d-60c2-4a23-8d6d-d3992842a533&^^&RequestInfo","Code":"requestInfo","Name":"请求信息","Description":"请求信息","ModelId":"9c9bd89d-60c2-4a23-8d6d-d3992842a533&^^&RequestInfo","ModelCode":"RequestInfo","ModelName":"RequestInfo","RefId":"9c9bd89d-60c2-4a23-8d6d-d3992842a533&^^&RequestInfo","RefCode":"RequestInfo","RefName":"RequestInfo","RefPath":null,"RefFileName":null,"ModelType":1,"In":"Body","IsRequired":false,"ListDeepth":0,"isCollection":false,"isRetVal":false,"isBasicType":false},{"Id":"9c9bd89d-60c2-4a23-8d6d-d3992842a533rootId","Code":"rootId","Name":"主表root数据ID","Description":"主表root数据的所属实体数据的唯一标识","ModelId":"string","ModelCode":null,"ModelName":"string","RefId":null,"RefCode":null,"RefName":null,"RefPath":null,"RefFileName":null,"ModelType":0,"In":"Path","IsRequired":true,"ListDeepth":0,"isCollection":false,"isRetVal":false,"isBasicType":true},{"Id":"9c9bd89d-60c2-4a23-8d6d-d3992842a533bxmxId","Code":"bxmxId","Name":"从表bxmx数据ID","Description":"从表bxmx数据的所属实体数据的唯一标识","ModelId":"string","ModelCode":null,"ModelName":"string","RefId":null,"RefCode":null,"RefName":null,"RefPath":null,"RefFileName":null,"ModelType":0,"In":"Path","IsRequired":true,"ListDeepth":0,"isCollection":false,"isRetVal":false,"isBasicType":true},{"Id":"9c9bd89d-60c2-4a23-8d6d-d3992842a533&^^&ResponseInfo","Code":"responseInfo","Name":"响应信息","Description":"响应信息","ModelId":"9c9bd89d-60c2-4a23-8d6d-d3992842a533&^^&ResponseInfo","ModelCode":"ResponseInfo","ModelName":"ResponseInfo","RefId":"9c9bd89d-60c2-4a23-8d6d-d3992842a533&^^&ResponseInfo","RefCode":"ResponseInfo","RefName":"ResponseInfo","RefPath":null,"RefFileName":null,"ModelType":1,"In":"","IsRequired":true,"ListDeepth":0,"isCollection":false,"isRetVal":true,"isBasicType":false}],"ResourceOpId":"9c9bd89d-60c2-4a23-8d6d-d3992842a533&^^&Extend_DeleteChild##BXMX","Transaction":false,"AssemblyInfo":null,"Extend1":"Basic","Extend2":"BXMX","isDeprecated":false},{"Id":"9c9bd89d-60c2-4a23-8d6d-d3992842a533&^^&Extend_DeleteChild##BXFJ","Code":"Extend_DeleteChild_BXFJ","Name":"扩展删除从表BXFJ数据","Description":"扩展删除从表BXFJ数据","HttpMethod":"PUT","Template":"/extension/{rootId}/bxfj/{bxfjId}","Parameters":[{"Id":"9c9bd89d-60c2-4a23-8d6d-d3992842a533&^^&RequestInfo","Code":"requestInfo","Name":"请求信息","Description":"请求信息","ModelId":"9c9bd89d-60c2-4a23-8d6d-d3992842a533&^^&RequestInfo","ModelCode":"RequestInfo","ModelName":"RequestInfo","RefId":"9c9bd89d-60c2-4a23-8d6d-d3992842a533&^^&RequestInfo","RefCode":"RequestInfo","RefName":"RequestInfo","RefPath":null,"RefFileName":null,"ModelType":1,"In":"Body","IsRequired":false,"ListDeepth":0,"isCollection":false,"isRetVal":false,"isBasicType":false},{"Id":"9c9bd89d-60c2-4a23-8d6d-d3992842a533rootId","Code":"rootId","Name":"主表root数据ID","Description":"主表root数据的所属实体数据的唯一标识","ModelId":"string","ModelCode":null,"ModelName":"string","RefId":null,"RefCode":null,"RefName":null,"RefPath":null,"RefFileName":null,"ModelType":0,"In":"Path","IsRequired":true,"ListDeepth":0,"isCollection":false,"isRetVal":false,"isBasicType":true},{"Id":"9c9bd89d-60c2-4a23-8d6d-d3992842a533bxfjId","Code":"bxfjId","Name":"从表bxfj数据ID","Description":"从表bxfj数据的所属实体数据的唯一标识","ModelId":"string","ModelCode":null,"ModelName":"string","RefId":null,"RefCode":null,"RefName":null,"RefPath":null,"RefFileName":null,"ModelType":0,"In":"Path","IsRequired":true,"ListDeepth":0,"isCollection":false,"isRetVal":false,"isBasicType":true},{"Id":"9c9bd89d-60c2-4a23-8d6d-d3992842a533&^^&ResponseInfo","Code":"responseInfo","Name":"响应信息","Description":"响应信息","ModelId":"9c9bd89d-60c2-4a23-8d6d-d3992842a533&^^&ResponseInfo","ModelCode":"ResponseInfo","ModelName":"ResponseInfo","RefId":"9c9bd89d-60c2-4a23-8d6d-d3992842a533&^^&ResponseInfo","RefCode":"ResponseInfo","RefName":"ResponseInfo","RefPath":null,"RefFileName":null,"ModelType":1,"In":"","IsRequired":true,"ListDeepth":0,"isCollection":false,"isRetVal":true,"isBasicType":false}],"ResourceOpId":"9c9bd89d-60c2-4a23-8d6d-d3992842a533&^^&Extend_DeleteChild##BXFJ","Transaction":false,"AssemblyInfo":null,"Extend1":"Basic","Extend2":"BXFJ","isDeprecated":false},{"Id":"9c9bd89d-60c2-4a23-8d6d-d3992842a533&^^&Extend_BatchDeleteChild##BXMX","Code":"Extend_BatchDeleteChild_BXMX","Name":"扩展批量删除从表BXMX数据","Description":"扩展批量删除从表BXMX数据","HttpMethod":"PUT","Template":"/extension/{rootId}/bxmx/batch","Parameters":[{"Id":"9c9bd89d-60c2-4a23-8d6d-d3992842a533&^^&RequestInfo","Code":"requestInfo","Name":"请求信息","Description":"请求信息","ModelId":"9c9bd89d-60c2-4a23-8d6d-d3992842a533&^^&RequestInfo","ModelCode":"RequestInfo","ModelName":"RequestInfo","RefId":"9c9bd89d-60c2-4a23-8d6d-d3992842a533&^^&RequestInfo","RefCode":"RequestInfo","RefName":"RequestInfo","RefPath":null,"RefFileName":null,"ModelType":1,"In":"Body","IsRequired":false,"ListDeepth":0,"isCollection":false,"isRetVal":false,"isBasicType":false},{"Id":"9c9bd89d-60c2-4a23-8d6d-d3992842a533rootId","Code":"rootId","Name":"主表root数据ID","Description":"主表root数据的所属实体数据的唯一标识","ModelId":"string","ModelCode":null,"ModelName":"string","RefId":null,"RefCode":null,"RefName":null,"RefPath":null,"RefFileName":null,"ModelType":0,"In":"Path","IsRequired":true,"ListDeepth":0,"isCollection":false,"isRetVal":false,"isBasicType":true},{"Id":"9c9bd89d-60c2-4a23-8d6d-d3992842a533&^^&Ids","Code":"ids","Name":"内码集合","Description":"批量删除的内码集合","ModelId":"string","ModelCode":null,"ModelName":"string","RefId":null,"RefCode":null,"RefName":null,"RefPath":null,"RefFileName":null,"ModelType":0,"In":"Body","IsRequired":true,"ListDeepth":1,"isCollection":true,"isRetVal":false,"isBasicType":true},{"Id":"9c9bd89d-60c2-4a23-8d6d-d3992842a533&^^&ResponseInfo","Code":"responseInfo","Name":"响应信息","Description":"响应信息","ModelId":"9c9bd89d-60c2-4a23-8d6d-d3992842a533&^^&ResponseInfo","ModelCode":"ResponseInfo","ModelName":"ResponseInfo","RefId":"9c9bd89d-60c2-4a23-8d6d-d3992842a533&^^&ResponseInfo","RefCode":"ResponseInfo","RefName":"ResponseInfo","RefPath":null,"RefFileName":null,"ModelType":1,"In":"","IsRequired":true,"ListDeepth":0,"isCollection":false,"isRetVal":true,"isBasicType":false}],"ResourceOpId":"9c9bd89d-60c2-4a23-8d6d-d3992842a533&^^&Extend_BatchDeleteChild##BXMX","Transaction":false,"AssemblyInfo":null,"Extend1":"Basic","Extend2":"BXMX","isDeprecated":false},{"Id":"9c9bd89d-60c2-4a23-8d6d-d3992842a533&^^&Extend_BatchDeleteChild##BXFJ","Code":"Extend_BatchDeleteChild_BXFJ","Name":"扩展批量删除从表BXFJ数据","Description":"扩展批量删除从表BXFJ数据","HttpMethod":"PUT","Template":"/extension/{rootId}/bxfj/batch","Parameters":[{"Id":"9c9bd89d-60c2-4a23-8d6d-d3992842a533&^^&RequestInfo","Code":"requestInfo","Name":"请求信息","Description":"请求信息","ModelId":"9c9bd89d-60c2-4a23-8d6d-d3992842a533&^^&RequestInfo","ModelCode":"RequestInfo","ModelName":"RequestInfo","RefId":"9c9bd89d-60c2-4a23-8d6d-d3992842a533&^^&RequestInfo","RefCode":"RequestInfo","RefName":"RequestInfo","RefPath":null,"RefFileName":null,"ModelType":1,"In":"Body","IsRequired":false,"ListDeepth":0,"isCollection":false,"isRetVal":false,"isBasicType":false},{"Id":"9c9bd89d-60c2-4a23-8d6d-d3992842a533rootId","Code":"rootId","Name":"主表root数据ID","Description":"主表root数据的所属实体数据的唯一标识","ModelId":"string","ModelCode":null,"ModelName":"string","RefId":null,"RefCode":null,"RefName":null,"RefPath":null,"RefFileName":null,"ModelType":0,"In":"Path","IsRequired":true,"ListDeepth":0,"isCollection":false,"isRetVal":false,"isBasicType":true},{"Id":"9c9bd89d-60c2-4a23-8d6d-d3992842a533&^^&Ids","Code":"ids","Name":"内码集合","Description":"批量删除的内码集合","ModelId":"string","ModelCode":null,"ModelName":"string","RefId":null,"RefCode":null,"RefName":null,"RefPath":null,"RefFileName":null,"ModelType":0,"In":"Body","IsRequired":true,"ListDeepth":1,"isCollection":true,"isRetVal":false,"isBasicType":true},{"Id":"9c9bd89d-60c2-4a23-8d6d-d3992842a533&^^&ResponseInfo","Code":"responseInfo","Name":"响应信息","Description":"响应信息","ModelId":"9c9bd89d-60c2-4a23-8d6d-d3992842a533&^^&ResponseInfo","ModelCode":"ResponseInfo","ModelName":"ResponseInfo","RefId":"9c9bd89d-60c2-4a23-8d6d-d3992842a533&^^&ResponseInfo","RefCode":"ResponseInfo","RefName":"ResponseInfo","RefPath":null,"RefFileName":null,"ModelType":1,"In":"","IsRequired":true,"ListDeepth":0,"isCollection":false,"isRetVal":true,"isBasicType":false}],"ResourceOpId":"9c9bd89d-60c2-4a23-8d6d-d3992842a533&^^&Extend_BatchDeleteChild##BXFJ","Transaction":false,"AssemblyInfo":null,"Extend1":"Basic","Extend2":"BXFJ","isDeprecated":false}],"Extension":null},"Models":[{"Id":"9c9bd89d-60c2-4a23-8d6d-d3992842a533&^^&RequestInfo","Code":"RequestInfo","Name":"RequestInfo","ModelId":"9c9bd89d-60c2-4a23-8d6d-d3992842a533&^^&RequestInfo","ModelCode":"RequestInfo","ModelName":"RequestInfo","RelativePath":null,"FileName":null,"ModelType":1},{"Id":"9c9bd89d-60c2-4a23-8d6d-d3992842a533&^^&DefaultValue","Code":"DefaultValue","Name":"DefaultValue","ModelId":"9c9bd89d-60c2-4a23-8d6d-d3992842a533&^^&DefaultValue","ModelCode":"DefaultValue","ModelName":"DefaultValue","RelativePath":null,"FileName":null,"ModelType":1},{"Id":"9c9bd89d-60c2-4a23-8d6d-d3992842a533&^^&ResponseInfo","Code":"ResponseInfo","Name":"ResponseInfo","ModelId":"9c9bd89d-60c2-4a23-8d6d-d3992842a533&^^&ResponseInfo","ModelCode":"ResponseInfo","ModelName":"ResponseInfo","RelativePath":null,"FileName":null,"ModelType":1},{"Id":"9c9bd89d-60c2-4a23-8d6d-d3992842a533&^^&RetrieveDefaultParam","Code":"RetrieveDefaultParam","Name":"RetrieveDefaultParam","ModelId":"9c9bd89d-60c2-4a23-8d6d-d3992842a533&^^&RetrieveDefaultParam","ModelCode":"RetrieveDefaultParam","ModelName":"RetrieveDefaultParam","RelativePath":null,"FileName":null,"ModelType":1},{"Id":"9c9bd89d-60c2-4a23-8d6d-d3992842a533&^^&ChangeDetail","Code":"ChangeDetail","Name":"ChangeDetail","ModelId":"9c9bd89d-60c2-4a23-8d6d-d3992842a533&^^&ChangeDetail","ModelCode":"ChangeDetail","ModelName":"ChangeDetail","RelativePath":null,"FileName":null,"ModelType":1},{"Id":"3b8e3c59-557d-44d4-b6c3-11e5e1adb054","Code":"ROBXD","Name":"报销单","ModelId":"9c9bd89d-60c2-4a23-8d6d-d3992842a533","ModelCode":"ROBXDZD_frm","ModelName":"报销单制单_frm","RelativePath":null,"FileName":null,"ModelType":0},{"Id":"9c9bd89d-60c2-4a23-8d6d-d3992842a533&^^&RetrieveParam","Code":"RetrieveParam","Name":"RetrieveParam","ModelId":"9c9bd89d-60c2-4a23-8d6d-d3992842a533&^^&RetrieveParam","ModelCode":"RetrieveParam","ModelName":"RetrieveParam","RelativePath":null,"FileName":null,"ModelType":1},{"Id":"9c9bd89d-60c2-4a23-8d6d-d3992842a533&^^&Pagination","Code":"Pagination","Name":"Pagination","ModelId":"9c9bd89d-60c2-4a23-8d6d-d3992842a533&^^&Pagination","ModelCode":"Pagination","ModelName":"Pagination","RelativePath":null,"FileName":null,"ModelType":1},{"Id":"9c9bd89d-60c2-4a23-8d6d-d3992842a533&^^&LookupResult","Code":"LookupResult","Name":"LookupResult","ModelId":"9c9bd89d-60c2-4a23-8d6d-d3992842a533&^^&LookupResult","ModelCode":"LookupResult","ModelName":"LookupResult","RelativePath":null,"FileName":null,"ModelType":1},{"Id":"RetrieveDefaultParam","Code":"RetrieveDefaultParam","Name":"RetrieveDefaultParam","ModelId":"9c9bd89d-60c2-4a23-8d6d-d3992842a533&^^&RetrieveDefaultParam","ModelCode":"RetrieveDefaultParam","ModelName":"RetrieveDefaultParam","RelativePath":null,"FileName":null,"ModelType":1},{"Id":"9c9bd89d-60c2-4a23-8d6d-d3992842a533&^^&EntityFilter","Code":"EntityFilter","Name":"EntityFilter","ModelId":"9c9bd89d-60c2-4a23-8d6d-d3992842a533&^^&EntityFilter","ModelCode":"EntityFilter","ModelName":"EntityFilter","RelativePath":null,"FileName":null,"ModelType":1}],"Router":"/api/fssp/fssc/v1.0/robxdzd_frm","EndPoint":"/fssp/fssc/v1.0/robxdzd_frm"}]