{"moduleName":null,"summaries":[{"symbol":{"__symbol":0,"members":[]},"metadata":{"__symbolic":"class","extends":{"__symbol":1,"members":[]},"members":{"attachmentId":[{"__symbolic":"property","decorators":[{"__symbolic":"call","expression":{"__symbol":2,"members":[]},"arguments":[{"originalDataField":"AttachmentId","dataField":"attachmentId","originalDataFieldType":"String","initValue":"","path":"FileInfo.AttachmentId","validRules":[{"type":"maxLength","constraints":[36],"message":"最大长度为36"}]}]}]}],"fileName":[{"__symbolic":"property","decorators":[{"__symbolic":"call","expression":{"__symbol":2,"members":[]},"arguments":[{"originalDataField":"FileName","dataField":"fileName","originalDataFieldType":"String","initValue":"","path":"FileInfo.FileName","validRules":[{"type":"maxLength","constraints":[128],"message":"最大长度为128"}]}]}]}],"fileSize":[{"__symbolic":"property","decorators":[{"__symbolic":"call","expression":{"__symbol":2,"members":[]},"arguments":[{"originalDataField":"FileSize","dataField":"fileSize","originalDataFieldType":"Number","initValue":0,"path":"FileInfo.FileSize"}]}]}],"fileCreateTime":[{"__symbolic":"property","decorators":[{"__symbolic":"call","expression":{"__symbol":2,"members":[]},"arguments":[{"originalDataField":"FileCreateTime","dataField":"fileCreateTime","originalDataFieldType":"DateTime","initValue":"0001-01-01T00:00:00","path":"FileInfo.FileCreateTime","enableTimeZone":true}]}]}]}}}],"symbols":[{"__symbol":0,"name":"AttachmentInfo13b8Entity","filePath":"./attachmentinfo13b8entity"},{"__symbol":1,"name":"Entity","filePath":"@farris/devkit"},{"__symbol":2,"name":"NgField","filePath":"@farris/devkit"}]}