{"moduleName":null,"summaries":[{"symbol":{"__symbol":0,"members":[]},"metadata":{"__symbolic":"class","extends":{"__symbol":1,"members":[]},"members":{"employeeID_EmployeeID_Name":[{"__symbolic":"property","decorators":[{"__symbolic":"call","expression":{"__symbol":2,"members":[]},"arguments":[{"id":"employeeID.employeeID_Name","name":"{{employeeID_EmployeeID_Name_92cf4bc8_z3gp}}","binding":"employeeID.employeeID_Name","defaultI18nValue":"名称"}]}]}],"domainID_DomainID_name":[{"__symbolic":"property","decorators":[{"__symbolic":"call","expression":{"__symbol":2,"members":[]},"arguments":[{"id":"domainID.domainID_name","name":"{{domainID_DomainID_name_07bc3b93_ww7l}}","binding":"domainID.domainID_name","defaultI18nValue":"名称"}]}]}],"billCode":[{"__symbolic":"property","decorators":[{"__symbolic":"call","expression":{"__symbol":2,"members":[]},"arguments":[{"id":"billCode","name":"{{billCode_3925b61c_sm0r}}","binding":"billCode","defaultI18nValue":"单据编号"}]}]}],"totalSum":[{"__symbolic":"property","decorators":[{"__symbolic":"call","expression":{"__symbol":2,"members":[]},"arguments":[{"id":"totalSum","name":"{{totalSum_d0e31067_0oxy}}","binding":"totalSum","defaultI18nValue":"报账金额"}]}]}],"billType":[{"__symbolic":"property","decorators":[{"__symbolic":"call","expression":{"__symbol":2,"members":[]},"arguments":[{"id":"billType","name":"{{billType_d72718fc_aasu}}","binding":"billType","defaultI18nValue":"报销类型"}]}]}],"billDate":[{"__symbolic":"property","decorators":[{"__symbolic":"call","expression":{"__symbol":2,"members":[]},"arguments":[{"id":"billDate","name":"{{billDate_d661f798_zzmf}}","binding":"billDate","valueConverter":{"__symbolic":"new","expression":{"__symbol":3,"members":[]},"arguments":["yyyy-MM-dd"]},"defaultI18nValue":"制单日期"}]}]}],"projectID":[{"__symbolic":"property","decorators":[{"__symbolic":"call","expression":{"__symbol":2,"members":[]},"arguments":[{"id":"projectID","name":"{{projectID_56817a3e_2wb3}}","binding":"projectID","defaultI18nValue":"所属项目"}]}]}],"projectMrg_ProjectMrg_Name":[{"__symbolic":"property","decorators":[{"__symbolic":"call","expression":{"__symbol":2,"members":[]},"arguments":[{"id":"projectMrg.projectMrg_Name","name":"{{projectMrg_ProjectMrg_Name_15516310_80qd}}","binding":"projectMrg.projectMrg_Name","defaultI18nValue":"名称"}]}]}],"auditStatus":[{"__symbolic":"property","decorators":[{"__symbolic":"call","expression":{"__symbol":2,"members":[]},"arguments":[{"id":"auditStatus","name":"{{auditStatus_bb2ab5e5_4xqs}}","binding":"auditStatus","defaultI18nValue":"稽核状态"}]}]}]}},"type":{"summaryKind":3,"type":{"reference":{"__symbol":0,"members":[]},"diDeps":[],"lifecycleHooks":[1]}}}],"symbols":[{"__symbol":0,"name":"DataGridComponentViewmodelForm","filePath":"./datagridcomponentviewmodelform"},{"__symbol":1,"name":"Form","filePath":"@farris/devkit"},{"__symbol":2,"name":"NgFormControl","filePath":"@farris/devkit"},{"__symbol":3,"name":"DateConverter","filePath":"@farris/kendo-binding"}]}