{"moduleName":null,"summaries":[{"symbol":{"__symbol":0,"members":[]},"metadata":{"__symbolic":"class","extends":{"__symbol":1,"members":[]},"members":{"employeeID_EmployeeID_Name":[{"__symbolic":"property","decorators":[{"__symbolic":"call","expression":{"__symbol":2,"members":[]},"arguments":[{"id":"employeeID_EmployeeID_Name_f710e92e_v81c","name":"{{employeeID_EmployeeID_Name_f710e92e_v81c}}","binding":"employeeID.employeeID_Name","updateOn":"blur","defaultI18nValue":"报销人"}]}]}],"domainID_DomainID_name":[{"__symbolic":"property","decorators":[{"__symbolic":"call","expression":{"__symbol":2,"members":[]},"arguments":[{"id":"domainID_DomainID_name_c2a814ca_9qcb","name":"{{domainID_DomainID_name_c2a814ca_9qcb}}","binding":"domainID.domainID_name","updateOn":"blur","defaultI18nValue":"所属部门"}]}]}],"billCode":[{"__symbolic":"property","decorators":[{"__symbolic":"call","expression":{"__symbol":2,"members":[]},"arguments":[{"id":"billCode_c2735656_chny","name":"{{billCode_c2735656_chny}}","binding":"billCode","updateOn":"blur","defaultI18nValue":"单据编号"}]}]}],"totalSum":[{"__symbolic":"property","decorators":[{"__symbolic":"call","expression":{"__symbol":2,"members":[]},"arguments":[{"id":"totalSum_09c990b5_t8l4","name":"{{totalSum_09c990b5_t8l4}}","binding":"totalSum","updateOn":"blur","defaultI18nValue":"报账金额"}]}]}],"billType":[{"__symbolic":"property","decorators":[{"__symbolic":"call","expression":{"__symbol":2,"members":[]},"arguments":[{"id":"billType_239d6d48_c4sc","name":"{{billType_239d6d48_c4sc}}","binding":"billType","updateOn":"change","defaultI18nValue":"报销类型","validRules":[{"type":"required","constraints":[true]}]}]}]}],"billDate":[{"__symbolic":"property","decorators":[{"__symbolic":"call","expression":{"__symbol":2,"members":[]},"arguments":[{"id":"billDate_4c58ce86_fnxw","name":"{{billDate_4c58ce86_fnxw}}","binding":"billDate","updateOn":"blur","valueConverter":{"__symbolic":"new","expression":{"__symbol":3,"members":[]},"arguments":["yyyy-MM-dd"]},"defaultI18nValue":"制单日期"}]}]}],"projectID":[{"__symbolic":"property","decorators":[{"__symbolic":"call","expression":{"__symbol":2,"members":[]},"arguments":[{"id":"projectID_c87a3547_rb43","name":"{{projectID_c87a3547_rb43}}","binding":"projectID","updateOn":"blur","defaultI18nValue":"所属项目"}]}]}],"billNote":[{"__symbolic":"property","decorators":[{"__symbolic":"call","expression":{"__symbol":2,"members":[]},"arguments":[{"id":"billNote_909f28e5_gsdr","name":"{{billNote_909f28e5_gsdr}}","binding":"billNote","updateOn":"blur","defaultI18nValue":"报销说明"}]}]}],"projectMrg_ProjectMrg_Name":[{"__symbolic":"property","decorators":[{"__symbolic":"call","expression":{"__symbol":2,"members":[]},"arguments":[{"id":"projectMrg_ProjectMrg_Name_5679472b_am0p","name":"{{projectMrg_ProjectMrg_Name_5679472b_am0p}}","binding":"projectMrg.projectMrg_Name","updateOn":"blur","defaultI18nValue":"项目经理"}]}]}],"auditStatus":[{"__symbolic":"property","decorators":[{"__symbolic":"call","expression":{"__symbol":2,"members":[]},"arguments":[{"id":"auditStatus_2db7782a_6vjc","name":"{{auditStatus_2db7782a_6vjc}}","binding":"auditStatus","updateOn":"change","defaultI18nValue":"稽核状态"}]}]}]}},"type":{"summaryKind":3,"type":{"reference":{"__symbol":0,"members":[]},"diDeps":[],"lifecycleHooks":[1]}}}],"symbols":[{"__symbol":0,"name":"BasicFormViewmodelForm","filePath":"./basicformviewmodelform"},{"__symbol":1,"name":"Form","filePath":"@farris/devkit"},{"__symbol":2,"name":"NgFormControl","filePath":"@farris/devkit"},{"__symbol":3,"name":"DateConverter","filePath":"@farris/kendo-binding"}]}