{"moduleName":null,"summaries":[{"symbol":{"__symbol":0,"members":[]},"metadata":{"__symbolic":"class","extends":{"__symbol":1,"members":[]},"members":{"fileInfo_FileName":[{"__symbolic":"property","decorators":[{"__symbolic":"call","expression":{"__symbol":2,"members":[]},"arguments":[{"id":"fileInfo.fileName","name":"{{fileInfo_FileName_13b8d5a4_k9t2}}","binding":"fileInfo.fileName","updateOn":"blur","defaultI18nValue":"附件名称"}]}]}],"fileInfo_FileSize":[{"__symbolic":"property","decorators":[{"__symbolic":"call","expression":{"__symbol":2,"members":[]},"arguments":[{"id":"fileInfo.fileSize","name":"{{fileInfo_FileSize_13b8d5a4_rswt}}","binding":"fileInfo.fileSize","updateOn":"blur","defaultI18nValue":"附件大小","validRules":[{"type":"maxValue","constraints":[1.7976931348623157e+308]},{"type":"minValue","constraints":[-1.7976931348623157e+308]}]}]}]}],"fileInfo_FileCreateTime":[{"__symbolic":"property","decorators":[{"__symbolic":"call","expression":{"__symbol":2,"members":[]},"arguments":[{"id":"fileInfo.fileCreateTime","name":"{{fileInfo_FileCreateTime_13b8d5a4_8how}}","binding":"fileInfo.fileCreateTime","updateOn":"blur","valueConverter":{"__symbolic":"new","expression":{"__symbol":3,"members":[]},"arguments":["yyyy-MM-dd"]},"defaultI18nValue":"附件上传时间"}]}]}]}},"type":{"summaryKind":3,"type":{"reference":{"__symbol":0,"members":[]},"diDeps":[],"lifecycleHooks":[1]}}}],"symbols":[{"__symbol":0,"name":"BxfjComponentViewmodelForm","filePath":"./bxfjcomponentviewmodelform"},{"__symbol":1,"name":"Form","filePath":"@farris/devkit"},{"__symbol":2,"name":"NgFormControl","filePath":"@farris/devkit"},{"__symbol":3,"name":"DateConverter","filePath":"@farris/kendo-binding"}]}