{"moduleName":null,"summaries":[{"symbol":{"__symbol":0,"members":[]},"metadata":{"__symbolic":"class","extends":{"__symbol":1,"members":[]},"members":{"billDetailDate":[{"__symbolic":"property","decorators":[{"__symbolic":"call","expression":{"__symbol":2,"members":[]},"arguments":[{"id":"billDetailDate","name":"{{billDetailDate_de1b482a_kjtu}}","binding":"billDetailDate","updateOn":"blur","valueConverter":{"__symbolic":"new","expression":{"__symbol":3,"members":[]},"arguments":["yyyy-MM-dd"]},"defaultI18nValue":"费用日期"}]}]}],"billDetailAmount":[{"__symbolic":"property","decorators":[{"__symbolic":"call","expression":{"__symbol":2,"members":[]},"arguments":[{"id":"billDetailAmount","name":"{{billDetailAmount_d32147ad_6cyu}}","binding":"billDetailAmount","updateOn":"blur","defaultI18nValue":"报销金额","validRules":[{"type":"maxValue","constraints":[1.7976931348623157e+308]},{"type":"minValue","constraints":[-1.7976931348623157e+308]}]}]}]}],"billDetailNote":[{"__symbolic":"property","decorators":[{"__symbolic":"call","expression":{"__symbol":2,"members":[]},"arguments":[{"id":"billDetailNote","name":"{{billDetailNote_c74d35e4_e9lj}}","binding":"billDetailNote","updateOn":"blur","defaultI18nValue":"费用说明"}]}]}],"invoiceNO":[{"__symbolic":"property","decorators":[{"__symbolic":"call","expression":{"__symbol":2,"members":[]},"arguments":[{"id":"invoiceNO","name":"{{invoiceNO_36484678_u7ss}}","binding":"invoiceNO","updateOn":"blur","defaultI18nValue":"发票号码"}]}]}]}},"type":{"summaryKind":3,"type":{"reference":{"__symbol":0,"members":[]},"diDeps":[],"lifecycleHooks":[1]}}}],"symbols":[{"__symbol":0,"name":"BxmxComponentViewmodelForm","filePath":"./bxmxcomponentviewmodelform"},{"__symbol":1,"name":"Form","filePath":"@farris/devkit"},{"__symbol":2,"name":"NgFormControl","filePath":"@farris/devkit"},{"__symbol":3,"name":"DateConverter","filePath":"@farris/kendo-binding"}]}