{"moduleName":null,"summaries":[{"symbol":{"__symbol":0,"members":[]},"metadata":{"__symbolic":"class","extends":{"__symbol":1,"members":[]},"members":{"id":[{"__symbolic":"property","decorators":[{"__symbolic":"call","expression":{"__symbol":2,"members":[]},"arguments":[{"originalDataField":"ID","dataField":"id","primary":true,"originalDataFieldType":"String","initValue":"","path":"ID","validRules":[{"type":"required","constraints":[true]},{"type":"maxLength","constraints":[36],"message":"最大长度为36"}]}]}]}],"parentID":[{"__symbolic":"property","decorators":[{"__symbolic":"call","expression":{"__symbol":2,"members":[]},"arguments":[{"originalDataField":"ParentID","dataField":"parentID","originalDataFieldType":"String","initValue":"","path":"ParentID","validRules":[{"type":"required","constraints":[true]},{"type":"maxLength","constraints":[36],"message":"最大长度为36"}]}]}]}],"billDetailDate":[{"__symbolic":"property","decorators":[{"__symbolic":"call","expression":{"__symbol":2,"members":[]},"arguments":[{"originalDataField":"BillDetailDate","dataField":"billDetailDate","originalDataFieldType":"DateTime","initValue":"0001-01-01T00:00:00","path":"BillDetailDate","enableTimeZone":true}]}]}],"billDetailAmount":[{"__symbolic":"property","decorators":[{"__symbolic":"call","expression":{"__symbol":2,"members":[]},"arguments":[{"originalDataField":"BillDetailAmount","dataField":"billDetailAmount","originalDataFieldType":"Number","initValue":0,"path":"BillDetailAmount"}]}]}],"billDetailNote":[{"__symbolic":"property","decorators":[{"__symbolic":"call","expression":{"__symbol":2,"members":[]},"arguments":[{"originalDataField":"BillDetailNote","dataField":"billDetailNote","originalDataFieldType":"Text","initValue":"","path":"BillDetailNote"}]}]}],"invoiceNO":[{"__symbolic":"property","decorators":[{"__symbolic":"call","expression":{"__symbol":2,"members":[]},"arguments":[{"originalDataField":"InvoiceNO","dataField":"invoiceNO","originalDataFieldType":"String","initValue":"","path":"InvoiceNO","validRules":[{"type":"maxLength","constraints":[36],"message":"最大长度为36"}]}]}]}]}}}],"symbols":[{"__symbol":0,"name":"BXMXEntity","filePath":"./bxmxentity"},{"__symbol":1,"name":"Entity","filePath":"@farris/devkit"},{"__symbol":2,"name":"NgField","filePath":"@farris/devkit"}]}