{"moduleName":null,"summaries":[{"symbol":{"__symbol":0,"members":[]},"metadata":{"__symbolic":"class","extends":{"__symbol":1,"members":[]},"members":{"projectMrg":[{"__symbolic":"property","decorators":[{"__symbolic":"call","expression":{"__symbol":2,"members":[]},"arguments":[{"originalDataField":"ProjectMrg","dataField":"projectMrg","primary":true,"originalDataFieldType":"String","initValue":"","path":"ProjectMrg.ProjectMrg","validRules":[{"type":"maxLength","constraints":[36],"message":"最大长度为36"}]}]}]}],"projectMrg_Code":[{"__symbolic":"property","decorators":[{"__symbolic":"call","expression":{"__symbol":2,"members":[]},"arguments":[{"originalDataField":"Code","dataField":"projectMrg_Code","originalDataFieldType":"String","initValue":"","path":"ProjectMrg.ProjectMrg_Code","validRules":[{"type":"maxLength","constraints":[36],"message":"最大长度为36"}]}]}]}],"projectMrg_Name":[{"__symbolic":"property","decorators":[{"__symbolic":"call","expression":{"__symbol":2,"members":[]},"arguments":[{"originalDataField":"Name","dataField":"projectMrg_Name","originalDataFieldType":"String","initValue":"","path":"ProjectMrg.ProjectMrg_Name","validRules":[{"type":"maxLength","constraints":[36],"message":"最大长度为36"}]}]}]}]}}}],"symbols":[{"__symbol":0,"name":"GspUserB89BEntity","filePath":"./gspuserb89bentity"},{"__symbol":1,"name":"Entity","filePath":"@farris/devkit"},{"__symbol":2,"name":"NgField","filePath":"@farris/devkit"}]}