{"moduleName":null,"summaries":[{"symbol":{"__symbol":0,"members":[]},"metadata":{"__symbolic":"class","extends":{"__symbol":1,"members":[]},"members":{"employeeID":[{"__symbolic":"property","decorators":[{"__symbolic":"call","expression":{"__symbol":2,"members":[]},"arguments":[{"originalDataField":"EmployeeID","dataField":"employeeID","primary":true,"originalDataFieldType":"String","initValue":"","path":"EmployeeID.EmployeeID","validRules":[{"type":"maxLength","constraints":[36],"message":"最大长度为36"}]}]}]}],"employeeID_Code":[{"__symbolic":"property","decorators":[{"__symbolic":"call","expression":{"__symbol":2,"members":[]},"arguments":[{"originalDataField":"Code","dataField":"employeeID_Code","originalDataFieldType":"String","initValue":"","path":"EmployeeID.EmployeeID_Code","validRules":[{"type":"maxLength","constraints":[36],"message":"最大长度为36"}]}]}]}],"employeeID_Name":[{"__symbolic":"property","decorators":[{"__symbolic":"call","expression":{"__symbol":2,"members":[]},"arguments":[{"originalDataField":"Name","dataField":"employeeID_Name","originalDataFieldType":"String","initValue":"","path":"EmployeeID.EmployeeID_Name","validRules":[{"type":"maxLength","constraints":[36],"message":"最大长度为36"}]}]}]}]}}}],"symbols":[{"__symbol":0,"name":"GspUser9392Entity","filePath":"./gspuser9392entity"},{"__symbol":1,"name":"Entity","filePath":"@farris/devkit"},{"__symbol":2,"name":"NgField","filePath":"@farris/devkit"}]}