{"moduleName":null,"summaries":[{"symbol":{"__symbol":0,"members":[]},"metadata":{"__symbolic":"class","extends":{"__symbol":1,"members":[]},"members":{"id":[{"__symbolic":"property","decorators":[{"__symbolic":"call","expression":{"__symbol":2,"members":[]},"arguments":[{"originalDataField":"ID","dataField":"id","primary":true,"originalDataFieldType":"String","initValue":"","path":"ID","validRules":[{"type":"required","constraints":[true]},{"type":"maxLength","constraints":[36],"message":"最大长度为36"}]}]}]}],"version":[{"__symbolic":"property","decorators":[{"__symbolic":"call","expression":{"__symbol":2,"members":[]},"arguments":[{"originalDataField":"Version","dataField":"version","originalDataFieldType":"DateTime","initValue":"0001-01-01T00:00:00","path":"Version","enableTimeZone":true}]}]}],"billCode":[{"__symbolic":"property","decorators":[{"__symbolic":"call","expression":{"__symbol":2,"members":[]},"arguments":[{"originalDataField":"BillCode","dataField":"billCode","originalDataFieldType":"String","initValue":"","path":"BillCode","validRules":[{"type":"maxLength","constraints":[36],"message":"最大长度为36"}]}]}]}],"totalSum":[{"__symbolic":"property","decorators":[{"__symbolic":"call","expression":{"__symbol":2,"members":[]},"arguments":[{"originalDataField":"TotalSum","dataField":"totalSum","originalDataFieldType":"Number","initValue":0,"path":"TotalSum"}]}]}],"billType":[{"__symbolic":"property","decorators":[{"__symbolic":"call","expression":{"__symbol":2,"members":[]},"arguments":[{"originalDataField":"BillType","dataField":"billType","originalDataFieldType":"Enum","defaultValue":"","initValue":"CL","path":"BillType"}]}]}],"billDate":[{"__symbolic":"property","decorators":[{"__symbolic":"call","expression":{"__symbol":2,"members":[]},"arguments":[{"originalDataField":"BillDate","dataField":"billDate","originalDataFieldType":"DateTime","initValue":"0001-01-01T00:00:00","path":"BillDate","enableTimeZone":true}]}]}],"projectID":[{"__symbolic":"property","decorators":[{"__symbolic":"call","expression":{"__symbol":2,"members":[]},"arguments":[{"originalDataField":"ProjectID","dataField":"projectID","originalDataFieldType":"String","initValue":"","path":"ProjectID","validRules":[{"type":"maxLength","constraints":[36],"message":"最大长度为36"}]}]}]}],"billNote":[{"__symbolic":"property","decorators":[{"__symbolic":"call","expression":{"__symbol":2,"members":[]},"arguments":[{"originalDataField":"BillNote","dataField":"billNote","originalDataFieldType":"Text","initValue":"","path":"BillNote"}]}]}],"auditStatus":[{"__symbolic":"property","decorators":[{"__symbolic":"call","expression":{"__symbol":2,"members":[]},"arguments":[{"originalDataField":"AuditStatus","dataField":"auditStatus","originalDataFieldType":"Enum","defaultValue":"","initValue":"None","path":"AuditStatus"}]}]}],"bxmxs":[{"__symbolic":"property","decorators":[{"__symbolic":"call","expression":{"__symbol":3,"members":[]},"arguments":[{"dataField":"bxmxs","originalDataField":"","type":{"__symbol":4,"members":[]}}]}]}],"bxfjs":[{"__symbolic":"property","decorators":[{"__symbolic":"call","expression":{"__symbol":3,"members":[]},"arguments":[{"dataField":"bxfjs","originalDataField":"","type":{"__symbol":5,"members":[]}}]}]}],"billStatus":[{"__symbolic":"property","decorators":[{"__symbolic":"call","expression":{"__symbol":6,"members":[]},"arguments":[{"dataField":"billStatus","originalDataField":"BillStatus","type":{"__symbol":7,"members":[]}}]}]}],"processInstance":[{"__symbolic":"property","decorators":[{"__symbolic":"call","expression":{"__symbol":6,"members":[]},"arguments":[{"dataField":"processInstance","originalDataField":"ProcessInstance","type":{"__symbol":8,"members":[]}}]}]}],"employeeID":[{"__symbolic":"property","decorators":[{"__symbolic":"call","expression":{"__symbol":6,"members":[]},"arguments":[{"dataField":"employeeID","originalDataField":"EmployeeID","type":{"__symbol":9,"members":[]}}]}]}],"domainID":[{"__symbolic":"property","decorators":[{"__symbolic":"call","expression":{"__symbol":6,"members":[]},"arguments":[{"dataField":"domainID","originalDataField":"DomainID","type":{"__symbol":10,"members":[]}}]}]}],"projectMrg":[{"__symbolic":"property","decorators":[{"__symbolic":"call","expression":{"__symbol":6,"members":[]},"arguments":[{"dataField":"projectMrg","originalDataField":"ProjectMrg","type":{"__symbol":11,"members":[]}}]}]}]}}}],"symbols":[{"__symbol":0,"name":"ROBXDEntity","filePath":"./robxdentity"},{"__symbol":1,"name":"Entity","filePath":"@farris/devkit"},{"__symbol":2,"name":"NgField","filePath":"@farris/devkit"},{"__symbol":3,"name":"NgList","filePath":"@farris/devkit"},{"__symbol":4,"name":"BXMXEntity","filePath":"./bxmxentity"},{"__symbol":5,"name":"BXFJEntity","filePath":"./bxfjentity"},{"__symbol":6,"name":"NgObject","filePath":"@farris/devkit"},{"__symbol":7,"name":"BillState18daEntity","filePath":"./billstate18daentity"},{"__symbol":8,"name":"ProcessInstanceD4e7Entity","filePath":"./processinstanced4e7entity"},{"__symbol":9,"name":"GspUser9392Entity","filePath":"./gspuser9392entity"},{"__symbol":10,"name":"SysOrg2200Entity","filePath":"./sysorg2200entity"},{"__symbol":11,"name":"GspUserB89BEntity","filePath":"./gspuserb89bentity"}]}