{"moduleName":null,"summaries":[{"symbol":{"__symbol":0,"members":[]},"metadata":{"__symbolic":"class","extends":{"__symbol":1,"members":[]},"members":{"domainID":[{"__symbolic":"property","decorators":[{"__symbolic":"call","expression":{"__symbol":2,"members":[]},"arguments":[{"originalDataField":"DomainID","dataField":"domainID","primary":true,"originalDataFieldType":"String","initValue":"","path":"DomainID.DomainID","validRules":[{"type":"maxLength","constraints":[36],"message":"最大长度为36"}]}]}]}],"domainID_code":[{"__symbolic":"property","decorators":[{"__symbolic":"call","expression":{"__symbol":2,"members":[]},"arguments":[{"originalDataField":"code","dataField":"domainID_code","originalDataFieldType":"String","initValue":"","path":"DomainID.DomainID_code","validRules":[{"type":"maxLength","constraints":[100],"message":"最大长度为100"}]}]}]}],"domainID_name":[{"__symbolic":"property","decorators":[{"__symbolic":"call","expression":{"__symbol":2,"members":[]},"arguments":[{"originalDataField":"name","dataField":"domainID_name","originalDataFieldType":"String","initValue":"","path":"DomainID.DomainID_name","validRules":[{"type":"maxLength","constraints":[100],"message":"最大长度为100"}]}]}]}]}}}],"symbols":[{"__symbol":0,"name":"SysOrg2200Entity","filePath":"./sysorg2200entity"},{"__symbol":1,"name":"Entity","filePath":"@farris/devkit"},{"__symbol":2,"name":"NgField","filePath":"@farris/devkit"}]}